[28Jun2024 20:54:06.005] [main/INFO] [cpw.mods.modlauncher.Launcher/MODLAUNCHER]: ModLauncher running: args [--launchTarget, forgeclientuserdev, --version, 21.0.42-beta, --assetIndex, asset-index, --assetsDir, C:\Users\Ryan\.gradle\caches\minecraft\assets\1.21, --gameDir, ., --fml.neoForgeVersion, 21.0.42-beta, --fml.fmlVersion, 4.0.6, --fml.mcVersion, 1.21, --fml.neoFormVersion, 20240613.152323]
[28Jun2024 20:54:06.008] [main/INFO] [cpw.mods.modlauncher.Launcher/MODLAUNCHER]: JVM identified as Eclipse Adoptium OpenJDK 64-Bit Server VM 21.0.2+13-LTS
[28Jun2024 20:54:06.009] [main/INFO] [cpw.mods.modlauncher.Launcher/MODLAUNCHER]: ModLauncher 11.0.3+main.0f24dec3 starting: java version 21.0.2 by Eclipse Adoptium; OS Windows 10 arch amd64 version 10.0
[28Jun2024 20:54:06.036] [main/DEBUG] [cpw.mods.modlauncher.LaunchServiceHandler/MODLAUNCHER]: Found launch services [minecraft,forgeclient,forgedatauserdev,testharness,forgeserverdev,forgeserveruserdev,forgejunitdev,forgeclientdev,forgeclientuserdev,forgeserver,forgejunituserdev,forgedatadev]
[28Jun2024 20:54:06.059] [main/DEBUG] [cpw.mods.modlauncher.LaunchPluginHandler/MODLAUNCHER]: Found launch plugins: [mixin,slf4jfixer,runtime_enum_extender,accesstransformer,runtimedistcleaner]
[28Jun2024 20:54:06.068] [main/DEBUG] [cpw.mods.modlauncher.TransformationServicesHandler/MODLAUNCHER]: Discovering transformation services
[28Jun2024 20:54:06.073] [main/DEBUG] [net.neoforged.fml.loading.FMLPaths/CORE]: Path GAMEDIR is G:\GitHub\1.21 Mo Glowstone Plus\mo-glowstone-plus-neo\runs\client
[28Jun2024 20:54:06.080] [main/DEBUG] [net.neoforged.fml.loading.FMLPaths/CORE]: Path MODSDIR is G:\GitHub\1.21 Mo Glowstone Plus\mo-glowstone-plus-neo\runs\client\mods
[28Jun2024 20:54:06.086] [main/DEBUG] [net.neoforged.fml.loading.FMLPaths/CORE]: Path CONFIGDIR is G:\GitHub\1.21 Mo Glowstone Plus\mo-glowstone-plus-neo\runs\client\config
[28Jun2024 20:54:06.086] [main/DEBUG] [net.neoforged.fml.loading.FMLPaths/CORE]: Path FMLCONFIG is G:\GitHub\1.21 Mo Glowstone Plus\mo-glowstone-plus-neo\runs\client\config\fml.toml
[28Jun2024 20:54:06.117] [main/WARN] [net.neoforged.fml.loading.FMLConfig/CORE]: Configuration file G:\GitHub\1.21 Mo Glowstone Plus\mo-glowstone-plus-neo\runs\client\config\fml.toml is not correct. Correcting
[28Jun2024 20:54:06.118] [main/INFO] [net.neoforged.fml.loading.FMLConfig/CORE]: Incorrect key [disableConfigWatcher] was corrected from null to false
[28Jun2024 20:54:06.118] [main/INFO] [net.neoforged.fml.loading.FMLConfig/CORE]: Incorrect key [earlyWindowSkipGLVersions] was corrected from null to []
[28Jun2024 20:54:06.118] [main/INFO] [net.neoforged.fml.loading.FMLConfig/CORE]: Incorrect key [earlyWindowSquir] was corrected from null to false
[28Jun2024 20:54:06.128] [main/TRACE] [net.neoforged.fml.loading.FMLConfig/CORE]: Loaded FML config from G:\GitHub\1.21 Mo Glowstone Plus\mo-glowstone-plus-neo\runs\client\config\fml.toml
[28Jun2024 20:54:06.128] [main/TRACE] [net.neoforged.fml.loading.FMLConfig/CORE]: FMLConfig disableConfigWatcher is false
[28Jun2024 20:54:06.128] [main/TRACE] [net.neoforged.fml.loading.FMLConfig/CORE]: FMLConfig earlyWindowControl is true
[28Jun2024 20:54:06.129] [main/TRACE] [net.neoforged.fml.loading.FMLConfig/CORE]: FMLConfig maxThreads is 16
[28Jun2024 20:54:06.129] [main/TRACE] [net.neoforged.fml.loading.FMLConfig/CORE]: FMLConfig versionCheck is true
[28Jun2024 20:54:06.129] [main/TRACE] [net.neoforged.fml.loading.FMLConfig/CORE]: FMLConfig defaultConfigPath is defaultconfigs
[28Jun2024 20:54:06.129] [main/TRACE] [net.neoforged.fml.loading.FMLConfig/CORE]: FMLConfig disableOptimizedDFU is true
[28Jun2024 20:54:06.129] [main/TRACE] [net.neoforged.fml.loading.FMLConfig/CORE]: FMLConfig earlyWindowProvider is fmlearlywindow
[28Jun2024 20:54:06.129] [main/TRACE] [net.neoforged.fml.loading.FMLConfig/CORE]: FMLConfig earlyWindowWidth is 854
[28Jun2024 20:54:06.129] [main/TRACE] [net.neoforged.fml.loading.FMLConfig/CORE]: FMLConfig earlyWindowHeight is 480
[28Jun2024 20:54:06.129] [main/TRACE] [net.neoforged.fml.loading.FMLConfig/CORE]: FMLConfig earlyWindowFBScale is 1
[28Jun2024 20:54:06.129] [main/TRACE] [net.neoforged.fml.loading.FMLConfig/CORE]: FMLConfig earlyWindowMaximized is false
[28Jun2024 20:54:06.129] [main/TRACE] [net.neoforged.fml.loading.FMLConfig/CORE]: FMLConfig earlyWindowSkipGLVersions is []
[28Jun2024 20:54:06.129] [main/TRACE] [net.neoforged.fml.loading.FMLConfig/CORE]: FMLConfig earlyWindowSquir is false
[28Jun2024 20:54:06.144] [main/DEBUG] [net.neoforged.fml.loading.targets.CommonLaunchHandler/CORE]: Got mod coordinates mo-glowstone-plus-neo%%G:\GitHub\1.21 Mo Glowstone Plus\mo-glowstone-plus-neo\build\resources\main;mo-glowstone-plus-neo%%G:\GitHub\1.21 Mo Glowstone Plus\mo-glowstone-plus-neo\build\classes\java\main from env
[28Jun2024 20:54:06.146] [main/DEBUG] [net.neoforged.fml.loading.targets.CommonLaunchHandler/CORE]: Found supplied mod coordinates [{mo-glowstone-plus-neo=[G:\GitHub\1.21 Mo Glowstone Plus\mo-glowstone-plus-neo\build\resources\main, G:\GitHub\1.21 Mo Glowstone Plus\mo-glowstone-plus-neo\build\classes\java\main]}]
[28Jun2024 20:54:06.148] [main/DEBUG] [cpw.mods.modlauncher.TransformationServicesHandler/MODLAUNCHER]: Found additional transformation services from discovery services: 
[28Jun2024 20:54:06.154] [main/INFO] [net.neoforged.fml.loading.ImmediateWindowHandler/]: Loading ImmediateWindowProvider fmlearlywindow
[28Jun2024 20:54:06.262] [main/INFO] [EARLYDISPLAY/]: Trying GL version 4.6
[28Jun2024 20:54:06.335] [main/INFO] [EARLYDISPLAY/]: Requested GL version 4.6 got version 4.6
[28Jun2024 20:54:06.382] [main/DEBUG] [cpw.mods.modlauncher.TransformationServicesHandler/MODLAUNCHER]: Found transformer services : [mixin,mixin-synthetic-package,fml]
[28Jun2024 20:54:06.382] [main/DEBUG] [cpw.mods.modlauncher.TransformationServicesHandler/MODLAUNCHER]: Transformation services loading
[28Jun2024 20:54:06.383] [main/DEBUG] [cpw.mods.modlauncher.TransformationServiceDecorator/MODLAUNCHER]: Loading service mixin
[28Jun2024 20:54:06.383] [main/DEBUG] [cpw.mods.modlauncher.TransformationServiceDecorator/MODLAUNCHER]: Loaded service mixin
[28Jun2024 20:54:06.383] [main/DEBUG] [cpw.mods.modlauncher.TransformationServiceDecorator/MODLAUNCHER]: Loading service mixin-synthetic-package
[28Jun2024 20:54:06.383] [main/DEBUG] [cpw.mods.modlauncher.TransformationServiceDecorator/MODLAUNCHER]: Loaded service mixin-synthetic-package
[28Jun2024 20:54:06.383] [main/DEBUG] [cpw.mods.modlauncher.TransformationServiceDecorator/MODLAUNCHER]: Loading service fml
[28Jun2024 20:54:06.384] [main/DEBUG] [net.neoforged.fml.loading.FMLLoader/CORE]: FML 4.0.6 loading
[28Jun2024 20:54:06.384] [main/DEBUG] [net.neoforged.fml.loading.FMLLoader/CORE]: FML found ModLauncher version : 11.0.3+main.0f24dec3
[28Jun2024 20:54:06.384] [main/DEBUG] [net.neoforged.fml.loading.FMLLoader/CORE]: FML found AccessTransformer version : 10.0.1+139da711
[28Jun2024 20:54:06.385] [main/DEBUG] [net.neoforged.fml.loading.FMLLoader/CORE]: FML found EventBus version : null
[28Jun2024 20:54:06.385] [main/DEBUG] [net.neoforged.fml.loading.FMLLoader/CORE]: Found Runtime Dist Cleaner
[28Jun2024 20:54:06.385] [main/DEBUG] [cpw.mods.modlauncher.TransformationServiceDecorator/MODLAUNCHER]: Loaded service fml
[28Jun2024 20:54:06.386] [main/DEBUG] [cpw.mods.modlauncher.TransformationServicesHandler/MODLAUNCHER]: Configuring option handling for services
[28Jun2024 20:54:06.398] [main/DEBUG] [net.neoforged.fml.loading.FMLServiceProvider/CORE]: Received command line version data  : VersionInfo[neoForgeVersion=21.0.42-beta, fmlVersion=4.0.6, mcVersion=1.21, neoFormVersion=20240613.152323]
[28Jun2024 20:54:06.398] [main/DEBUG] [cpw.mods.modlauncher.TransformationServicesHandler/MODLAUNCHER]: Transformation services initializing
[28Jun2024 20:54:06.398] [main/DEBUG] [cpw.mods.modlauncher.TransformationServiceDecorator/MODLAUNCHER]: Initializing transformation service mixin
[28Jun2024 20:54:06.407] [main/DEBUG] [mixin/]: MixinService [ModLauncher] was successfully booted in cpw.mods.cl.ModuleClassLoader@52102734
[28Jun2024 20:54:06.416] [main/INFO] [mixin/]: SpongePowered MIXIN Subsystem Version=0.8.5 Source=union:/C:/Users/Ryan/.gradle/caches/modules-2/files-2.1/net.fabricmc/sponge-mixin/0.13.4+mixin.0.8.5/8adf0cff1795a169141b9e16ad7b9f6e2527a990/sponge-mixin-0.13.4+mixin.0.8.5.jar%23135!/ Service=ModLauncher Env=CLIENT
[28Jun2024 20:54:06.418] [main/DEBUG] [mixin/]: Initialising Mixin Platform Manager
[28Jun2024 20:54:06.418] [main/DEBUG] [mixin/]: Adding mixin platform agents for container ModLauncher Root Container(ModLauncher:4f56a0a2)
[28Jun2024 20:54:06.418] [main/DEBUG] [mixin/]: Instancing new MixinPlatformAgentMinecraftForge for ModLauncher Root Container(ModLauncher:4f56a0a2)
[28Jun2024 20:54:06.418] [main/DEBUG] [mixin/]: MixinPlatformAgentMinecraftForge rejected container ModLauncher Root Container(ModLauncher:4f56a0a2)
[28Jun2024 20:54:06.419] [main/DEBUG] [mixin/]: Instancing new MixinPlatformAgentDefault for ModLauncher Root Container(ModLauncher:4f56a0a2)
[28Jun2024 20:54:06.419] [main/DEBUG] [mixin/]: MixinPlatformAgentDefault accepted container ModLauncher Root Container(ModLauncher:4f56a0a2)
[28Jun2024 20:54:06.420] [main/DEBUG] [cpw.mods.modlauncher.TransformationServiceDecorator/MODLAUNCHER]: Initialized transformation service mixin
[28Jun2024 20:54:06.420] [main/DEBUG] [cpw.mods.modlauncher.TransformationServiceDecorator/MODLAUNCHER]: Initializing transformation service mixin-synthetic-package
[28Jun2024 20:54:06.420] [main/DEBUG] [cpw.mods.modlauncher.TransformationServiceDecorator/MODLAUNCHER]: Initialized transformation service mixin-synthetic-package
[28Jun2024 20:54:06.420] [main/DEBUG] [cpw.mods.modlauncher.TransformationServiceDecorator/MODLAUNCHER]: Initializing transformation service fml
[28Jun2024 20:54:06.420] [main/DEBUG] [net.neoforged.fml.loading.FMLServiceProvider/CORE]: Setting up basic FML game directories
[28Jun2024 20:54:06.421] [main/DEBUG] [net.neoforged.fml.loading.FMLPaths/CORE]: Path GAMEDIR is G:\GitHub\1.21 Mo Glowstone Plus\mo-glowstone-plus-neo\runs\client
[28Jun2024 20:54:06.421] [main/DEBUG] [net.neoforged.fml.loading.FMLPaths/CORE]: Path MODSDIR is G:\GitHub\1.21 Mo Glowstone Plus\mo-glowstone-plus-neo\runs\client\mods
[28Jun2024 20:54:06.421] [main/DEBUG] [net.neoforged.fml.loading.FMLPaths/CORE]: Path CONFIGDIR is G:\GitHub\1.21 Mo Glowstone Plus\mo-glowstone-plus-neo\runs\client\config
[28Jun2024 20:54:06.421] [main/DEBUG] [net.neoforged.fml.loading.FMLPaths/CORE]: Path FMLCONFIG is G:\GitHub\1.21 Mo Glowstone Plus\mo-glowstone-plus-neo\runs\client\config\fml.toml
[28Jun2024 20:54:06.421] [main/DEBUG] [net.neoforged.fml.loading.FMLServiceProvider/CORE]: Loading configuration
[28Jun2024 20:54:06.432] [main/TRACE] [net.neoforged.fml.loading.FMLConfig/CORE]: Loaded FML config from G:\GitHub\1.21 Mo Glowstone Plus\mo-glowstone-plus-neo\runs\client\config\fml.toml
[28Jun2024 20:54:06.432] [main/TRACE] [net.neoforged.fml.loading.FMLConfig/CORE]: FMLConfig disableConfigWatcher is false
[28Jun2024 20:54:06.432] [main/TRACE] [net.neoforged.fml.loading.FMLConfig/CORE]: FMLConfig earlyWindowControl is true
[28Jun2024 20:54:06.432] [main/TRACE] [net.neoforged.fml.loading.FMLConfig/CORE]: FMLConfig maxThreads is 16
[28Jun2024 20:54:06.432] [main/TRACE] [net.neoforged.fml.loading.FMLConfig/CORE]: FMLConfig versionCheck is true
[28Jun2024 20:54:06.432] [main/TRACE] [net.neoforged.fml.loading.FMLConfig/CORE]: FMLConfig defaultConfigPath is defaultconfigs
[28Jun2024 20:54:06.433] [main/TRACE] [net.neoforged.fml.loading.FMLConfig/CORE]: FMLConfig disableOptimizedDFU is true
[28Jun2024 20:54:06.433] [main/TRACE] [net.neoforged.fml.loading.FMLConfig/CORE]: FMLConfig earlyWindowProvider is fmlearlywindow
[28Jun2024 20:54:06.433] [main/TRACE] [net.neoforged.fml.loading.FMLConfig/CORE]: FMLConfig earlyWindowWidth is 854
[28Jun2024 20:54:06.433] [main/TRACE] [net.neoforged.fml.loading.FMLConfig/CORE]: FMLConfig earlyWindowHeight is 480
[28Jun2024 20:54:06.433] [main/TRACE] [net.neoforged.fml.loading.FMLConfig/CORE]: FMLConfig earlyWindowFBScale is 1
[28Jun2024 20:54:06.433] [main/TRACE] [net.neoforged.fml.loading.FMLConfig/CORE]: FMLConfig earlyWindowMaximized is false
[28Jun2024 20:54:06.433] [main/TRACE] [net.neoforged.fml.loading.FMLConfig/CORE]: FMLConfig earlyWindowSkipGLVersions is []
[28Jun2024 20:54:06.433] [main/TRACE] [net.neoforged.fml.loading.FMLConfig/CORE]: FMLConfig earlyWindowSquir is false
[28Jun2024 20:54:06.436] [main/DEBUG] [net.neoforged.fml.loading.LaunchContext/SCAN]: Located paths when launch context was created: [C:\Users\Ryan\.gradle\caches\modules-2\files-2.1\com.google.guava\guava\32.1.2-jre\5e64ec7e056456bef3a4bc4c6fdaef71e8ab6318\guava-32.1.2-jre.jar, C:\Users\Ryan\.gradle\caches\modules-2\files-2.1\net.neoforged\JarJarMetadata\0.4.1\f8da03683dc81694556dc3e177c5e3bb77ae6fcb\JarJarMetadata-0.4.1.jar, C:\Users\Ryan\.gradle\caches\modules-2\files-2.1\org.jetbrains\annotations\24.1.0\7af6a669488450c4a07c2c3254e2151df42d7d04\annotations-24.1.0.jar, C:\Users\Ryan\.gradle\caches\modules-2\files-2.1\org.lwjgl\lwjgl-openal\3.3.3\87b8d5050e3adb46bb58fe1cb2669a4a48fce10d\lwjgl-openal-3.3.3-natives-windows-x86.jar, C:\Users\Ryan\.gradle\caches\modules-2\files-2.1\net.neoforged\accesstransformers\10.0.1\fd83b5725f76eae9115e9355fa1c456a6a441400\accesstransformers-10.0.1.jar, C:\Users\Ryan\.gradle\caches\modules-2\files-2.1\net.neoforged\coremods\7.0.3\9147e6f638b4272b3bd5fc8f92ad37802512c6c\coremods-7.0.3.jar, C:\Users\Ryan\.gradle\caches\modules-2\files-2.1\net.neoforged\neoform\1.21-20240613.152323\6293c1a6b9b053ea4e41ac2fe03a3342486d45b1\neoform-1.21-20240613.152323.zip, C:\Users\Ryan\.gradle\caches\modules-2\files-2.1\com.mojang\datafixerupper\8.0.16\67d4de6d7f95d89bcf5862995fb854ebaec02a34\datafixerupper-8.0.16.jar, C:\Users\Ryan\.gradle\caches\modules-2\files-2.1\org.antlr\antlr4-runtime\4.13.1\17125bae1d965624e265ef49552f6465a2bfa307\antlr4-runtime-4.13.1.jar, C:\Users\Ryan\.gradle\caches\modules-2\files-2.1\net.neoforged\mergetool\2.0.3\1275202cbbb248f49345cf6787ce299afd9a02fb\mergetool-2.0.3-api.jar, C:\Users\Ryan\.gradle\caches\modules-2\files-2.1\com.google.code.gson\gson\2.10.1\b3add478d4382b78ea20b1671390a858002feb6c\gson-2.10.1.jar, C:\Users\Ryan\.gradle\caches\modules-2\files-2.1\org.lwjgl\lwjgl-openal\3.3.3\daada81ceb5fc0c291fbfdd4433cb8d9423577f2\lwjgl-openal-3.3.3.jar, C:\Users\Ryan\.gradle\caches\modules-2\files-2.1\com.electronwill.night-config\toml\3.6.4\51d6cefb2b55ee55ee26b16391212fb2c7dfb4f4\toml-3.6.4.jar, C:\Users\Ryan\.gradle\caches\modules-2\files-2.1\io.netty\netty-transport-classes-epoll\4.1.97.Final\795da37ded759e862457a82d9d92c4d39ce8ecee\netty-transport-classes-epoll-4.1.97.Final.jar, C:\Users\Ryan\.gradle\caches\modules-2\files-2.1\net.jodah\typetools\0.6.3\a01aaa6ddaea9ec07ec4f209487b7a46a526283a\typetools-0.6.3.jar, C:\Users\Ryan\.gradle\caches\modules-2\files-2.1\org.lwjgl\lwjgl-jemalloc\3.3.3\b543467b7ff3c6920539a88ee602d34098628be5\lwjgl-jemalloc-3.3.3.jar, C:\Users\Ryan\.gradle\caches\modules-2\files-2.1\org.lwjgl\lwjgl-glfw\3.3.3\32334f3fd5270a59bad9939a93115acb6de36dcf\lwjgl-glfw-3.3.3-natives-windows-x86.jar, C:\Users\Ryan\.gradle\caches\modules-2\files-2.1\net.sf.jopt-simple\jopt-simple\5.0.4\4fdac2fbe92dfad86aa6e9301736f6b4342a3f5c\jopt-simple-5.0.4.jar, C:\Users\Ryan\.gradle\caches\modules-2\files-2.1\net.java.dev.jna\jna-platform\5.14.0\28934d48aed814f11e4c584da55c49fa7032b31b\jna-platform-5.14.0.jar, C:\Users\Ryan\.gradle\caches\modules-2\files-2.1\org.apache.httpcomponents\httpcore\4.4.16\51cf043c87253c9f58b539c9f7e44c8894223850\httpcore-4.4.16.jar, C:\Users\Ryan\.gradle\caches\modules-2\files-2.1\org.lwjgl\lwjgl-glfw\3.3.3\efa1eb78c5ccd840e9f329717109b5e892d72f8e\lwjgl-glfw-3.3.3.jar, C:\Users\Ryan\.gradle\caches\modules-2\files-2.1\org.apache.logging.log4j\log4j-api\2.22.1\bea6fede6328fabafd7e68363161a7ea6605abd1\log4j-api-2.22.1.jar, C:\Users\Ryan\.gradle\caches\modules-2\files-2.1\io.netty\netty-transport-native-unix-common\4.1.97.Final\d469d84265ab70095b01b40886cabdd433b6e664\netty-transport-native-unix-common-4.1.97.Final.jar, C:\Users\Ryan\.gradle\caches\modules-2\files-2.1\org.joml\joml\1.10.5\22566d58af70ad3d72308bab63b8339906deb649\joml-1.10.5.jar, C:\Users\Ryan\.gradle\caches\modules-2\files-2.1\org.lwjgl\lwjgl-opengl\3.3.3\2f6b0147078396a58979125a4c947664e98293a\lwjgl-opengl-3.3.3.jar, C:\Users\Ryan\.gradle\caches\modules-2\files-2.1\com.google.errorprone\error_prone_annotations\2.18.0\89b684257096f548fa39a7df9fdaa409d4d4df91\error_prone_annotations-2.18.0.jar, C:\Users\Ryan\.gradle\caches\modules-2\files-2.1\net.neoforged\bus\8.0.1\9df0ed904cec279eb33ca6df420f6f82706ebb4c\bus-8.0.1.jar, C:\Users\Ryan\.gradle\caches\modules-2\files-2.1\com.machinezoo.noexception\noexception\1.7.1\b65330c98e38a1f915fa54a6e5eca496505e3f0a\noexception-1.7.1.jar, C:\Users\Ryan\.gradle\caches\modules-2\files-2.1\org.apache.httpcomponents\httpclient\4.5.13\e5f6cae5ca7ecaac1ec2827a9e2d65ae2869cada\httpclient-4.5.13.jar, C:\Users\Ryan\.gradle\caches\modules-2\files-2.1\org.jline\jline-terminal\3.12.1\c777448314e050d980a6b697c140f3bfe9eb7416\jline-terminal-3.12.1.jar, C:\Users\Ryan\.gradle\caches\modules-2\files-2.1\org.lwjgl\lwjgl-tinyfd\3.3.3\82d755ca94b102e9ca77283b9e2dc46d1b15fbe5\lwjgl-tinyfd-3.3.3.jar, C:\Users\Ryan\.gradle\caches\modules-2\files-2.1\io.netty\netty-resolver\4.1.97.Final\cec8348108dc76c47cf87c669d514be52c922144\netty-resolver-4.1.97.Final.jar, C:\Users\Ryan\.gradle\caches\modules-2\files-2.1\org.lz4\lz4-java\1.8.0\4b986a99445e49ea5fbf5d149c4b63f6ed6c6780\lz4-java-1.8.0.jar, C:\Users\Ryan\.gradle\caches\modules-2\files-2.1\org.jcraft\jorbis\0.0.17\8872d22b293e8f5d7d56ff92be966e6dc28ebdc6\jorbis-0.0.17.jar, C:\Users\Ryan\.gradle\caches\modules-2\files-2.1\org.lwjgl\lwjgl-freetype\3.3.3\a0db6c84a8becc8ca05f9dbfa985edc348a824c7\lwjgl-freetype-3.3.3.jar, C:\Users\Ryan\.gradle\caches\modules-2\files-2.1\org.apache.commons\commons-lang3\3.14.0\1ed471194b02f2c6cb734a0cd6f6f107c673afae\commons-lang3-3.14.0.jar, C:\Users\Ryan\.gradle\caches\modules-2\files-2.1\org.apache.commons\commons-compress\1.26.0\659feffdd12280201c8aacb8f7be94f9a883c824\commons-compress-1.26.0.jar, C:\Users\Ryan\.gradle\caches\modules-2\files-2.1\net.neoforged.fancymodloader\loader\4.0.6\95c98e459c93892b8a727bbdbd83106271093047\loader-4.0.6.jar, C:\Users\Ryan\.gradle\caches\modules-2\files-2.1\io.netty\netty-common\4.1.97.Final\7cceacaf11df8dc63f23d0fb58e9d4640fc88404\netty-common-4.1.97.Final.jar, C:\Users\Ryan\.gradle\caches\modules-2\files-2.1\com.github.oshi\oshi-core\6.4.10\b1d8ab82d11d92fd639b56d639f8f46f739dd5fa\oshi-core-6.4.10.jar, C:\Users\Ryan\.gradle\caches\modules-2\files-2.1\org.apache.logging.log4j\log4j-core\2.22.1\7183a25510a02ad00cc6a95d3b3d2a7d3c5a8dc4\log4j-core-2.22.1.jar, C:\Users\Ryan\.gradle\caches\modules-2\files-2.1\org.jline\jline-reader\3.12.1\4382ab1382c7b6f379377ed5f665dc2f6e1218bc\jline-reader-3.12.1.jar, C:\Users\Ryan\.gradle\caches\modules-2\files-2.1\it.unimi.dsi\fastutil\8.5.12\c24946d46824bd528054bface3231d2ecb7e95e8\fastutil-8.5.12.jar, C:\Users\Ryan\.gradle\caches\modules-2\files-2.1\org.lwjgl\lwjgl-stb\3.3.3\1d9facdf6541de114b0f963be33505b7679c78cb\lwjgl-stb-3.3.3-natives-windows.jar, C:\Users\Ryan\.gradle\caches\modules-2\files-2.1\com.mojang\authlib\6.0.54\de8bc95660e1b2fe8793fd427a7a10dcec5b3ea7\authlib-6.0.54.jar, C:\Users\Ryan\.gradle\caches\modules-2\files-2.1\cpw.mods\modlauncher\11.0.3\fedefb840696910227753eddc127f3626b5de374\modlauncher-11.0.3.jar, G:\GitHub\1.21 Mo Glowstone Plus\mo-glowstone-plus-neo\.gradle\repositories\ng_dummy_ng\net\minecraft\client\1.21\client-1.21-client-extra.jar, C:\Users\Ryan\.gradle\caches\modules-2\files-2.1\net.neoforged.fancymodloader\earlydisplay\4.0.6\6052d7eaa465136cfbc91abaef20a01a4b5ab159\earlydisplay-4.0.6.jar, C:\Users\Ryan\.gradle\caches\modules-2\files-2.1\net.minecrell\terminalconsoleappender\1.2.0\96d02cd3b384ff015a8fef4223bcb4ccf1717c95\terminalconsoleappender-1.2.0.jar, C:\Users\Ryan\.gradle\caches\modules-2\files-2.1\net.neoforged\JarJarSelector\0.4.1\fb3cc7a58af22ad2880adb98af6d518128c47dae\JarJarSelector-0.4.1.jar, C:\Users\Ryan\.gradle\caches\modules-2\files-2.1\com.mojang\text2speech\1.17.9\3cad216e3a7f0c19b4b394388bc9ffc446f13b14\text2speech-1.17.9.jar, C:\Users\Ryan\.gradle\caches\modules-2\files-2.1\org.codehaus.plexus\plexus-utils\3.3.0\cf43b5391de623b36fe066a21127baef82c64022\plexus-utils-3.3.0.jar, C:\Users\Ryan\.gradle\caches\modules-2\files-2.1\org.lwjgl\lwjgl-tinyfd\3.3.3\a6697981b0449a5087c1d546fc08b4f73e8f98c9\lwjgl-tinyfd-3.3.3-natives-windows.jar, C:\Users\Ryan\.gradle\caches\modules-2\files-2.1\org.lwjgl\lwjgl-jemalloc\3.3.3\426222fc027602a5f21b9c0fe79cde6a4c7a011f\lwjgl-jemalloc-3.3.3-natives-windows.jar, C:\Users\Ryan\.gradle\caches\modules-2\files-2.1\io.netty\netty-buffer\4.1.97.Final\f8f3d8644afa5e6e1a40a3a6aeb9d9aa970ecb4f\netty-buffer-4.1.97.Final.jar, C:\Users\Ryan\.gradle\caches\modules-2\files-2.1\org.checkerframework\checker-qual\3.33.0\de2b60b62da487644fc11f734e73c8b0b431238f\checker-qual-3.33.0.jar, C:\Users\Ryan\.gradle\caches\modules-2\files-2.1\ca.weblite\java-objc-bridge\1.1\1227f9e0666314f9de41477e3ec277e542ed7f7b\java-objc-bridge-1.1.jar, C:\Users\Ryan\.gradle\caches\modules-2\files-2.1\com.mojang\brigadier\1.2.9\73e324f2ee541493a5179abf367237faa782ed21\brigadier-1.2.9.jar, C:\Users\Ryan\.gradle\caches\modules-2\files-2.1\org.lwjgl\lwjgl\3.3.3\29589b5f87ed335a6c7e7ee6a5775f81f97ecb84\lwjgl-3.3.3.jar, C:\Users\Ryan\.gradle\caches\modules-2\files-2.1\com.google.code.findbugs\jsr305\3.0.2\25ea2e8b0c338a877313bd4672d3fe056ea78f0d\jsr305-3.0.2.jar, C:\Users\Ryan\.gradle\caches\modules-2\files-2.1\commons-logging\commons-logging\1.2\4bfc12adfe4842bf07b657f0369c4cb522955686\commons-logging-1.2.jar, C:\Users\Ryan\.gradle\caches\modules-2\files-2.1\com.ibm.icu\icu4j\73.2\61ad4ef7f9131fcf6d25c34b817f90d6da06c9e9\icu4j-73.2.jar, C:\Users\Ryan\.gradle\caches\modules-2\files-2.1\org.lwjgl\lwjgl\3.3.3\9e670718e050aeaeea0c2d5b907cffb142f2e58f\lwjgl-3.3.3-natives-windows-x86.jar, C:\Users\Ryan\.gradle\caches\modules-2\files-2.1\org.lwjgl\lwjgl-freetype\3.3.3\15a8c1de7f51d07a92eae7ce1222557073a0c0c3\lwjgl-freetype-3.3.3-natives-windows-x86.jar, C:\Users\Ryan\.gradle\caches\modules-2\files-2.1\com.google.j2objc\j2objc-annotations\2.8\c85270e307e7b822f1086b93689124b89768e273\j2objc-annotations-2.8.jar, C:\Users\Ryan\.gradle\caches\modules-2\files-2.1\commons-io\commons-io\2.15.1\f11560da189ab563a5c8e351941415430e9304ea\commons-io-2.15.1.jar, C:\Users\Ryan\.gradle\caches\modules-2\files-2.1\com.electronwill.night-config\core\3.6.4\510f174abbf1c947494db50ef2445683bd52c230\core-3.6.4.jar, C:\Users\Ryan\.gradle\caches\modules-2\files-2.1\org.apache.maven\maven-artifact\3.8.5\4433f50c07debefaed0553bd0068f4f48d449313\maven-artifact-3.8.5.jar, C:\Users\Ryan\.gradle\caches\modules-2\files-2.1\com.mojang\logging\1.2.7\24cb95ffb0e3433fd6e844c04e68009e504ca1c0\logging-1.2.7.jar, C:\Users\Ryan\.gradle\caches\modules-2\files-2.1\commons-codec\commons-codec\1.16.0\4e3eb3d79888d76b54e28b350915b5dc3919c9de\commons-codec-1.16.0.jar, C:\Users\Ryan\.gradle\caches\modules-2\files-2.1\com.mojang\patchy\2.2.10\da05971b07cbb379d002cf7eaec6a2048211fefc\patchy-2.2.10.jar, C:\Users\Ryan\.gradle\caches\modules-2\files-2.1\net.java.dev.jna\jna\5.14.0\67bf3eaea4f0718cb376a181a629e5f88fa1c9dd\jna-5.14.0.jar, C:\Users\Ryan\.gradle\caches\modules-2\files-2.1\net.fabricmc\sponge-mixin\0.13.4+mixin.0.8.5\8adf0cff1795a169141b9e16ad7b9f6e2527a990\sponge-mixin-0.13.4+mixin.0.8.5.jar, C:\Users\Ryan\.gradle\caches\modules-2\files-2.1\net.neoforged.accesstransformers\at-modlauncher\10.0.1\5aba50202aceead086bc09fbc2751c9f05cb4890\at-modlauncher-10.0.1.jar, C:\Users\Ryan\.gradle\caches\modules-2\files-2.1\io.netty\netty-handler\4.1.97.Final\abb86c6906bf512bf2b797a41cd7d2e8d3cd7c36\netty-handler-4.1.97.Final.jar, C:\Users\Ryan\.gradle\caches\modules-2\files-2.1\org.openjdk.nashorn\nashorn-core\15.4\f67f5ffaa5f5130cf6fb9b133da00c7df3b532a5\nashorn-core-15.4.jar, C:\Users\Ryan\.gradle\caches\modules-2\files-2.1\org.apache.logging.log4j\log4j-slf4j2-impl\2.22.1\d7e6693c2606cb7e7335047d7bb96dec52db5665\log4j-slf4j2-impl-2.22.1.jar, C:\Users\Ryan\.gradle\caches\modules-2\files-2.1\org.slf4j\slf4j-api\2.0.9\7cf2726fdcfbc8610f9a71fb3ed639871f315340\slf4j-api-2.0.9.jar, C:\Users\Ryan\.gradle\caches\modules-2\files-2.1\com.mojang\blocklist\1.0.10\5c685c5ffa94c4cd39496c7184c1d122e515ecef\blocklist-1.0.10.jar, C:\Users\Ryan\.gradle\caches\modules-2\files-2.1\net.minecraftforge\srgutils\0.4.15\ca408b131759478f164e010fae0d73997e125fb5\srgutils-0.4.15.jar, C:\Users\Ryan\.gradle\caches\modules-2\files-2.1\org.lwjgl\lwjgl-stb\3.3.3\25dd6161988d7e65f71d5065c99902402ee32746\lwjgl-stb-3.3.3.jar, C:\Users\Ryan\.gradle\caches\modules-2\files-2.1\com.google.guava\failureaccess\1.0.1\1dcf1de382a0bf95a3d8b0849546c88bac1292c9\failureaccess-1.0.1.jar, C:\Users\Ryan\.gradle\caches\modules-2\files-2.1\io.netty\netty-transport\4.1.97.Final\f37380d23c9bb079bc702910833b2fd532c9abd0\netty-transport-4.1.97.Final.jar, C:\Users\Ryan\.gradle\caches\modules-2\files-2.1\io.netty\netty-codec\4.1.97.Final\384ba4d75670befbedb45c4d3b497a93639c206d\netty-codec-4.1.97.Final.jar, C:\Users\Ryan\.gradle\caches\modules-2\files-2.1\org.lwjgl\lwjgl-opengl\3.3.3\65e956d3735a1abdc82eff4baec1b61174697d4b\lwjgl-opengl-3.3.3-natives-windows-arm64.jar, C:\Users\Ryan\.gradle\caches\modules-2\files-2.1\com.google.guava\listenablefuture\9999.0-empty-to-avoid-conflict-with-guava\b421526c5f297295adef1c886e5246c39d4ac629\listenablefuture-9999.0-empty-to-avoid-conflict-with-guava.jar]
[28Jun2024 20:54:06.436] [main/DEBUG] [net.neoforged.fml.loading.FMLServiceProvider/CORE]: Preparing launch handler
[28Jun2024 20:54:06.436] [main/DEBUG] [net.neoforged.fml.loading.FMLLoader/CORE]: Using forgeclientuserdev as launch service
[28Jun2024 20:54:06.437] [main/DEBUG] [net.neoforged.fml.common.asm.RuntimeDistCleaner/DISTXFORM]: Configuring for Dist CLIENT
[28Jun2024 20:54:06.438] [main/DEBUG] [cpw.mods.modlauncher.TransformationServiceDecorator/MODLAUNCHER]: Initialized transformation service fml
[28Jun2024 20:54:06.438] [main/DEBUG] [cpw.mods.modlauncher.TransformationServicesHandler/MODLAUNCHER]: Transformation services begin scanning
[28Jun2024 20:54:06.438] [main/DEBUG] [cpw.mods.modlauncher.TransformationServiceDecorator/MODLAUNCHER]: Beginning scan trigger - transformation service mixin
[28Jun2024 20:54:06.438] [main/DEBUG] [cpw.mods.modlauncher.TransformationServiceDecorator/MODLAUNCHER]: End scan trigger - transformation service mixin
[28Jun2024 20:54:06.439] [main/DEBUG] [cpw.mods.modlauncher.TransformationServiceDecorator/MODLAUNCHER]: Beginning scan trigger - transformation service mixin-synthetic-package
[28Jun2024 20:54:06.521] [main/DEBUG] [cpw.mods.modlauncher.TransformationServiceDecorator/MODLAUNCHER]: End scan trigger - transformation service mixin-synthetic-package
[28Jun2024 20:54:06.522] [main/DEBUG] [cpw.mods.modlauncher.TransformationServiceDecorator/MODLAUNCHER]: Beginning scan trigger - transformation service fml
[28Jun2024 20:54:06.522] [main/DEBUG] [net.neoforged.fml.loading.FMLServiceProvider/CORE]: Initiating mod scan
[28Jun2024 20:54:06.524] [main/DEBUG] [net.neoforged.fml.loading.targets.CommonLaunchHandler/CORE]: Got mod coordinates mo-glowstone-plus-neo%%G:\GitHub\1.21 Mo Glowstone Plus\mo-glowstone-plus-neo\build\resources\main;mo-glowstone-plus-neo%%G:\GitHub\1.21 Mo Glowstone Plus\mo-glowstone-plus-neo\build\classes\java\main from env
[28Jun2024 20:54:06.525] [main/DEBUG] [net.neoforged.fml.loading.targets.CommonLaunchHandler/CORE]: Found supplied mod coordinates [{mo-glowstone-plus-neo=[G:\GitHub\1.21 Mo Glowstone Plus\mo-glowstone-plus-neo\build\resources\main, G:\GitHub\1.21 Mo Glowstone Plus\mo-glowstone-plus-neo\build\classes\java\main]}]
[28Jun2024 20:54:06.534] [main/DEBUG] [net.neoforged.fml.util.ServiceLoaderUtil/CORE]: Found 4 implementations of IModFileCandidateLocator:
[28Jun2024 20:54:06.535] [main/DEBUG] [net.neoforged.fml.util.ServiceLoaderUtil/CORE]: 	       0 - [built-in] net.neoforged.fml.loading.moddiscovery.locators.NeoForgeDevProvider from loader-4.0.6.jar
[28Jun2024 20:54:06.535] [main/DEBUG] [net.neoforged.fml.util.ServiceLoaderUtil/CORE]: 	       0 - net.neoforged.fml.loading.moddiscovery.locators.ModsFolderLocator from loader-4.0.6.jar
[28Jun2024 20:54:06.536] [main/DEBUG] [net.neoforged.fml.util.ServiceLoaderUtil/CORE]: 	       0 - net.neoforged.fml.loading.moddiscovery.locators.MavenDirectoryLocator from loader-4.0.6.jar
[28Jun2024 20:54:06.536] [main/DEBUG] [net.neoforged.fml.util.ServiceLoaderUtil/CORE]: 	   -1000 - [built-in] net.neoforged.fml.loading.moddiscovery.locators.UserdevLocator from loader-4.0.6.jar
[28Jun2024 20:54:06.537] [main/DEBUG] [net.neoforged.fml.util.ServiceLoaderUtil/CORE]: Found 2 implementations of IModFileReader:
[28Jun2024 20:54:06.537] [main/DEBUG] [net.neoforged.fml.util.ServiceLoaderUtil/CORE]: 	       0 - net.neoforged.fml.loading.moddiscovery.readers.JarModsDotTomlModFileReader from loader-4.0.6.jar
[28Jun2024 20:54:06.538] [main/DEBUG] [net.neoforged.fml.util.ServiceLoaderUtil/CORE]: 	   -1000 - net.neoforged.fml.loading.moddiscovery.readers.NestedLibraryModReader from loader-4.0.6.jar
[28Jun2024 20:54:06.539] [main/DEBUG] [net.neoforged.fml.util.ServiceLoaderUtil/CORE]: Found 1 implementations of IDependencyLocator:
[28Jun2024 20:54:06.539] [main/DEBUG] [net.neoforged.fml.util.ServiceLoaderUtil/CORE]: 	net.neoforged.fml.loading.moddiscovery.locators.JarInJarDependencyLocator from loader-4.0.6.jar
[28Jun2024 20:54:06.539] [main/DEBUG] [net.neoforged.fml.loading.moddiscovery.ModDiscoverer/SCAN]: Scanning for mods and other resources to load. We know 4 ways to find mods
[28Jun2024 20:54:06.539] [main/DEBUG] [net.neoforged.fml.loading.moddiscovery.ModDiscoverer/SCAN]: Trying locator neoforge devenv provider ([G:\GitHub\1.21 Mo Glowstone Plus\mo-glowstone-plus-neo\.gradle\repositories\ng_dummy_ng\net\neoforged\neoforge\21.0.42-beta\neoforge-21.0.42-beta.jar])
[28Jun2024 20:54:06.648] [pool-2-thread-1/INFO] [EARLYDISPLAY/]: GL info: AMD Radeon RX 5700 XT GL version 4.6.0 Core Profile Context 23.11.1.231020, ATI Technologies Inc.
[28Jun2024 20:54:06.701] [main/DEBUG] [net.neoforged.fml.loading.moddiscovery.ModFileInfo/LOADING]: Found valid mod file neoforge-21.0.42-beta.jar with {minecraft} mods - versions {1.21}
[28Jun2024 20:54:06.702] [main/INFO] [net.neoforged.fml.loading.moddiscovery.ModDiscoverer/SCAN]: Found mod file "neoforge-21.0.42-beta.jar" [locator: neoforge devenv provider ([G:\GitHub\1.21 Mo Glowstone Plus\mo-glowstone-plus-neo\.gradle\repositories\ng_dummy_ng\net\neoforged\neoforge\21.0.42-beta\neoforge-21.0.42-beta.jar])]
[28Jun2024 20:54:06.707] [main/DEBUG] [net.neoforged.fml.loading.moddiscovery.readers.JarModsDotTomlModFileReader/SCAN]: Found META-INF/neoforge.mods.toml mod of type null: G:\GitHub\1.21 Mo Glowstone Plus\mo-glowstone-plus-neo\.gradle\repositories\ng_dummy_ng\net\neoforged\neoforge\21.0.42-beta\neoforge-21.0.42-beta.jar
[28Jun2024 20:54:06.708] [main/DEBUG] [net.neoforged.fml.loading.moddiscovery.ModFileParser/LOADING]: Considering mod file candidate G:\GitHub\1.21 Mo Glowstone Plus\mo-glowstone-plus-neo\.gradle\repositories\ng_dummy_ng\net\neoforged\neoforge\21.0.42-beta\neoforge-21.0.42-beta.jar
[28Jun2024 20:54:06.713] [main/DEBUG] [net.neoforged.fml.loading.moddiscovery.ModFileInfo/LOADING]: Found valid mod file neoforge-21.0.42-beta.jar with {neoforge} mods - versions {21.0.42-beta}
[28Jun2024 20:54:06.713] [main/INFO] [net.neoforged.fml.loading.moddiscovery.ModDiscoverer/SCAN]: Found mod file "neoforge-21.0.42-beta.jar" [locator: neoforge devenv provider ([G:\GitHub\1.21 Mo Glowstone Plus\mo-glowstone-plus-neo\.gradle\repositories\ng_dummy_ng\net\neoforged\neoforge\21.0.42-beta\neoforge-21.0.42-beta.jar])]
[28Jun2024 20:54:06.714] [main/DEBUG] [net.neoforged.fml.loading.moddiscovery.ModDiscoverer/SCAN]: Locator neoforge devenv provider ([G:\GitHub\1.21 Mo Glowstone Plus\mo-glowstone-plus-neo\.gradle\repositories\ng_dummy_ng\net\neoforged\neoforge\21.0.42-beta\neoforge-21.0.42-beta.jar]) found 2 mods, 0 warnings, 0 errors and skipped 0 candidates
[28Jun2024 20:54:06.714] [main/DEBUG] [net.neoforged.fml.loading.moddiscovery.ModDiscoverer/SCAN]: Trying locator {mods folder locator at G:\GitHub\1.21 Mo Glowstone Plus\mo-glowstone-plus-neo\runs\client\mods}
[28Jun2024 20:54:06.714] [main/DEBUG] [net.neoforged.fml.loading.moddiscovery.locators.ModsFolderLocator/SCAN]: Scanning mods dir G:\GitHub\1.21 Mo Glowstone Plus\mo-glowstone-plus-neo\runs\client\mods for mods
[28Jun2024 20:54:06.716] [main/DEBUG] [net.neoforged.fml.loading.moddiscovery.ModDiscoverer/SCAN]: Locator {mods folder locator at G:\GitHub\1.21 Mo Glowstone Plus\mo-glowstone-plus-neo\runs\client\mods} found 0 mods, 0 warnings, 0 errors and skipped 0 candidates
[28Jun2024 20:54:06.716] [main/DEBUG] [net.neoforged.fml.loading.moddiscovery.ModDiscoverer/SCAN]: Trying locator maven libs
[28Jun2024 20:54:06.719] [main/DEBUG] [net.neoforged.fml.loading.moddiscovery.ModListHandler/CORE]: Found mod coordinates from lists: []
[28Jun2024 20:54:06.719] [main/DEBUG] [net.neoforged.fml.loading.moddiscovery.ModDiscoverer/SCAN]: Locator maven libs found 0 mods, 0 warnings, 0 errors and skipped 0 candidates
[28Jun2024 20:54:06.719] [main/DEBUG] [net.neoforged.fml.loading.moddiscovery.ModDiscoverer/SCAN]: Trying locator userdev mods and services
[28Jun2024 20:54:06.721] [main/DEBUG] [net.neoforged.fml.loading.moddiscovery.readers.JarModsDotTomlModFileReader/SCAN]: Found META-INF/neoforge.mods.toml mod of type null: G:\GitHub\1.21 Mo Glowstone Plus\mo-glowstone-plus-neo\build\resources\main
[28Jun2024 20:54:06.721] [main/DEBUG] [net.neoforged.fml.loading.moddiscovery.ModFileParser/LOADING]: Considering mod file candidate G:\GitHub\1.21 Mo Glowstone Plus\mo-glowstone-plus-neo\build\resources\main
[28Jun2024 20:54:06.724] [main/DEBUG] [net.neoforged.fml.loading.moddiscovery.ModFileInfo/LOADING]: Found valid mod file main with {moglowstoneplus} mods - versions {1.3.0}
[28Jun2024 20:54:06.724] [main/INFO] [net.neoforged.fml.loading.moddiscovery.ModDiscoverer/SCAN]: Found mod file "main" [locator: userdev mods and services, reader: mod manifest]
[28Jun2024 20:54:06.733] [main/DEBUG] [net.neoforged.fml.loading.moddiscovery.readers.JarModsDotTomlModFileReader/SCAN]: Found META-INF/neoforge.mods.toml mod of type null: G:\GitHub\1.21 Mo Glowstone Plus\mo-glowstone-plus-neo\.gradle\repositories\ng_dummy_ng\net\neoforged\neoforge\21.0.42-beta\neoforge-21.0.42-beta.jar
[28Jun2024 20:54:06.733] [main/DEBUG] [net.neoforged.fml.loading.moddiscovery.ModFileParser/LOADING]: Considering mod file candidate G:\GitHub\1.21 Mo Glowstone Plus\mo-glowstone-plus-neo\.gradle\repositories\ng_dummy_ng\net\neoforged\neoforge\21.0.42-beta\neoforge-21.0.42-beta.jar
[28Jun2024 20:54:06.734] [main/DEBUG] [net.neoforged.fml.loading.moddiscovery.ModFileInfo/LOADING]: Found valid mod file neoforge-21.0.42-beta.jar with {neoforge} mods - versions {21.0.42-beta}
[28Jun2024 20:54:06.734] [main/INFO] [net.neoforged.fml.loading.moddiscovery.ModDiscoverer/SCAN]: Found mod file "neoforge-21.0.42-beta.jar" [locator: userdev mods and services, reader: mod manifest]
[28Jun2024 20:54:06.737] [main/DEBUG] [net.neoforged.fml.loading.moddiscovery.readers.JarModsDotTomlModFileReader/SCAN]: Found META-INF/neoforge.mods.toml mod of type null: C:\Users\Ryan\.gradle\caches\modules-2\files-2.1\curse.maven\ctd-core-258186\5483842\dbbbd36eff0fde12f40108824a7c9850936eaaff\ctd-core-258186-5483842.jar
[28Jun2024 20:54:06.737] [main/DEBUG] [net.neoforged.fml.loading.moddiscovery.ModFileParser/LOADING]: Considering mod file candidate C:\Users\Ryan\.gradle\caches\modules-2\files-2.1\curse.maven\ctd-core-258186\5483842\dbbbd36eff0fde12f40108824a7c9850936eaaff\ctd-core-258186-5483842.jar
[28Jun2024 20:54:06.738] [main/DEBUG] [net.neoforged.fml.loading.moddiscovery.ModFileInfo/LOADING]: Found valid mod file ctd-core-258186-5483842.jar with {ctdcore} mods - versions {2.6.1b}
[28Jun2024 20:54:06.738] [main/INFO] [net.neoforged.fml.loading.moddiscovery.ModDiscoverer/SCAN]: Found mod file "ctd-core-258186-5483842.jar" [locator: userdev mods and services, reader: mod manifest]
[28Jun2024 20:54:06.742] [main/DEBUG] [net.neoforged.fml.loading.moddiscovery.readers.JarModsDotTomlModFileReader/SCAN]: Found META-INF/neoforge.mods.toml mod of type null: C:\Users\Ryan\.gradle\caches\modules-2\files-2.1\curse.maven\mo-glowstone-253336\5478547\34883e9fbb2320a2f726d1174c411fd8191836e9\mo-glowstone-253336-5478547.jar
[28Jun2024 20:54:06.742] [main/DEBUG] [net.neoforged.fml.loading.moddiscovery.ModFileParser/LOADING]: Considering mod file candidate C:\Users\Ryan\.gradle\caches\modules-2\files-2.1\curse.maven\mo-glowstone-253336\5478547\34883e9fbb2320a2f726d1174c411fd8191836e9\mo-glowstone-253336-5478547.jar
[28Jun2024 20:54:06.743] [main/DEBUG] [net.neoforged.fml.loading.moddiscovery.ModFileInfo/LOADING]: Found valid mod file mo-glowstone-253336-5478547.jar with {moglowstone} mods - versions {2.6.1}
[28Jun2024 20:54:06.743] [main/INFO] [net.neoforged.fml.loading.moddiscovery.ModDiscoverer/SCAN]: Found mod file "mo-glowstone-253336-5478547.jar" [locator: userdev mods and services, reader: mod manifest]
[28Jun2024 20:54:06.767] [main/DEBUG] [net.neoforged.fml.loading.moddiscovery.ModDiscoverer/]: Skipping C:\Users\Ryan\.gradle\caches\modules-2\files-2.1\net.neoforged.fancymodloader\earlydisplay\4.0.6\6052d7eaa465136cfbc91abaef20a01a4b5ab159\earlydisplay-4.0.6.jar because it was already located earlier
[28Jun2024 20:54:06.768] [main/DEBUG] [net.neoforged.fml.loading.moddiscovery.ModDiscoverer/]: Skipping C:\Users\Ryan\.gradle\caches\modules-2\files-2.1\net.neoforged.fancymodloader\loader\4.0.6\95c98e459c93892b8a727bbdbd83106271093047\loader-4.0.6.jar because it was already located earlier
[28Jun2024 20:54:06.768] [main/DEBUG] [net.neoforged.fml.loading.moddiscovery.ModDiscoverer/]: Skipping C:\Users\Ryan\.gradle\caches\modules-2\files-2.1\net.neoforged\coremods\7.0.3\9147e6f638b4272b3bd5fc8f92ad37802512c6c\coremods-7.0.3.jar because it was already located earlier
[28Jun2024 20:54:06.768] [main/DEBUG] [net.neoforged.fml.loading.moddiscovery.ModDiscoverer/]: Skipping C:\Users\Ryan\.gradle\caches\modules-2\files-2.1\cpw.mods\modlauncher\11.0.3\fedefb840696910227753eddc127f3626b5de374\modlauncher-11.0.3.jar because it was already located earlier
[28Jun2024 20:54:06.768] [main/DEBUG] [net.neoforged.fml.loading.moddiscovery.ModDiscoverer/]: Skipping C:\Users\Ryan\.gradle\caches\modules-2\files-2.1\net.neoforged.accesstransformers\at-modlauncher\10.0.1\5aba50202aceead086bc09fbc2751c9f05cb4890\at-modlauncher-10.0.1.jar because it was already located earlier
[28Jun2024 20:54:06.768] [main/DEBUG] [net.neoforged.fml.loading.moddiscovery.ModDiscoverer/]: Skipping C:\Users\Ryan\.gradle\caches\modules-2\files-2.1\net.neoforged\accesstransformers\10.0.1\fd83b5725f76eae9115e9355fa1c456a6a441400\accesstransformers-10.0.1.jar because it was already located earlier
[28Jun2024 20:54:06.768] [main/DEBUG] [net.neoforged.fml.loading.moddiscovery.ModDiscoverer/]: Skipping C:\Users\Ryan\.gradle\caches\modules-2\files-2.1\org.openjdk.nashorn\nashorn-core\15.4\f67f5ffaa5f5130cf6fb9b133da00c7df3b532a5\nashorn-core-15.4.jar because it was already located earlier
[28Jun2024 20:54:06.768] [main/DEBUG] [net.neoforged.fml.loading.moddiscovery.ModDiscoverer/]: Skipping C:\Users\Ryan\.gradle\caches\modules-2\files-2.1\net.neoforged\mergetool\2.0.3\1275202cbbb248f49345cf6787ce299afd9a02fb\mergetool-2.0.3-api.jar because it was already located earlier
[28Jun2024 20:54:06.768] [main/DEBUG] [net.neoforged.fml.loading.moddiscovery.ModDiscoverer/]: Skipping C:\Users\Ryan\.gradle\caches\modules-2\files-2.1\net.neoforged\bus\8.0.1\9df0ed904cec279eb33ca6df420f6f82706ebb4c\bus-8.0.1.jar because it was already located earlier
[28Jun2024 20:54:06.768] [main/DEBUG] [net.neoforged.fml.loading.moddiscovery.ModDiscoverer/]: Skipping C:\Users\Ryan\.gradle\caches\modules-2\files-2.1\com.electronwill.night-config\toml\3.6.4\51d6cefb2b55ee55ee26b16391212fb2c7dfb4f4\toml-3.6.4.jar because it was already located earlier
[28Jun2024 20:54:06.768] [main/DEBUG] [net.neoforged.fml.loading.moddiscovery.ModDiscoverer/]: Skipping C:\Users\Ryan\.gradle\caches\modules-2\files-2.1\com.electronwill.night-config\core\3.6.4\510f174abbf1c947494db50ef2445683bd52c230\core-3.6.4.jar because it was already located earlier
[28Jun2024 20:54:06.768] [main/DEBUG] [net.neoforged.fml.loading.moddiscovery.ModDiscoverer/]: Skipping C:\Users\Ryan\.gradle\caches\modules-2\files-2.1\net.neoforged\JarJarSelector\0.4.1\fb3cc7a58af22ad2880adb98af6d518128c47dae\JarJarSelector-0.4.1.jar because it was already located earlier
[28Jun2024 20:54:06.768] [main/DEBUG] [net.neoforged.fml.loading.moddiscovery.ModDiscoverer/]: Skipping C:\Users\Ryan\.gradle\caches\modules-2\files-2.1\net.neoforged\JarJarMetadata\0.4.1\f8da03683dc81694556dc3e177c5e3bb77ae6fcb\JarJarMetadata-0.4.1.jar because it was already located earlier
[28Jun2024 20:54:06.768] [main/DEBUG] [net.neoforged.fml.loading.moddiscovery.ModDiscoverer/]: Skipping C:\Users\Ryan\.gradle\caches\modules-2\files-2.1\org.apache.maven\maven-artifact\3.8.5\4433f50c07debefaed0553bd0068f4f48d449313\maven-artifact-3.8.5.jar because it was already located earlier
[28Jun2024 20:54:06.768] [main/DEBUG] [net.neoforged.fml.loading.moddiscovery.ModDiscoverer/]: Skipping C:\Users\Ryan\.gradle\caches\modules-2\files-2.1\net.jodah\typetools\0.6.3\a01aaa6ddaea9ec07ec4f209487b7a46a526283a\typetools-0.6.3.jar because it was already located earlier
[28Jun2024 20:54:06.769] [main/DEBUG] [net.neoforged.fml.loading.moddiscovery.ModDiscoverer/]: Skipping C:\Users\Ryan\.gradle\caches\modules-2\files-2.1\net.minecrell\terminalconsoleappender\1.2.0\96d02cd3b384ff015a8fef4223bcb4ccf1717c95\terminalconsoleappender-1.2.0.jar because it was already located earlier
[28Jun2024 20:54:06.769] [main/DEBUG] [net.neoforged.fml.loading.moddiscovery.ModDiscoverer/]: Skipping C:\Users\Ryan\.gradle\caches\modules-2\files-2.1\net.fabricmc\sponge-mixin\0.13.4+mixin.0.8.5\8adf0cff1795a169141b9e16ad7b9f6e2527a990\sponge-mixin-0.13.4+mixin.0.8.5.jar because it was already located earlier
[28Jun2024 20:54:06.769] [main/DEBUG] [net.neoforged.fml.loading.moddiscovery.ModDiscoverer/]: Skipping C:\Users\Ryan\.gradle\caches\modules-2\files-2.1\com.mojang\authlib\6.0.54\de8bc95660e1b2fe8793fd427a7a10dcec5b3ea7\authlib-6.0.54.jar because it was already located earlier
[28Jun2024 20:54:06.769] [main/DEBUG] [net.neoforged.fml.loading.moddiscovery.ModDiscoverer/]: Skipping C:\Users\Ryan\.gradle\caches\modules-2\files-2.1\org.apache.commons\commons-compress\1.26.0\659feffdd12280201c8aacb8f7be94f9a883c824\commons-compress-1.26.0.jar because it was already located earlier
[28Jun2024 20:54:06.769] [main/DEBUG] [net.neoforged.fml.loading.moddiscovery.ModDiscoverer/]: Skipping C:\Users\Ryan\.gradle\caches\modules-2\files-2.1\org.apache.commons\commons-lang3\3.14.0\1ed471194b02f2c6cb734a0cd6f6f107c673afae\commons-lang3-3.14.0.jar because it was already located earlier
[28Jun2024 20:54:06.769] [main/DEBUG] [net.neoforged.fml.loading.moddiscovery.ModDiscoverer/]: Skipping C:\Users\Ryan\.gradle\caches\modules-2\files-2.1\com.mojang\logging\1.2.7\24cb95ffb0e3433fd6e844c04e68009e504ca1c0\logging-1.2.7.jar because it was already located earlier
[28Jun2024 20:54:06.769] [main/DEBUG] [net.neoforged.fml.loading.moddiscovery.ModDiscoverer/]: Skipping C:\Users\Ryan\.gradle\caches\modules-2\files-2.1\org.apache.logging.log4j\log4j-slf4j2-impl\2.22.1\d7e6693c2606cb7e7335047d7bb96dec52db5665\log4j-slf4j2-impl-2.22.1.jar because it was already located earlier
[28Jun2024 20:54:06.769] [main/DEBUG] [net.neoforged.fml.loading.moddiscovery.ModDiscoverer/]: Skipping C:\Users\Ryan\.gradle\caches\modules-2\files-2.1\org.apache.logging.log4j\log4j-core\2.22.1\7183a25510a02ad00cc6a95d3b3d2a7d3c5a8dc4\log4j-core-2.22.1.jar because it was already located earlier
[28Jun2024 20:54:06.769] [main/DEBUG] [net.neoforged.fml.loading.moddiscovery.ModDiscoverer/]: Skipping C:\Users\Ryan\.gradle\caches\modules-2\files-2.1\org.apache.logging.log4j\log4j-api\2.22.1\bea6fede6328fabafd7e68363161a7ea6605abd1\log4j-api-2.22.1.jar because it was already located earlier
[28Jun2024 20:54:06.772] [main/DEBUG] [net.neoforged.fml.loading.moddiscovery.readers.JarModsDotTomlModFileReader/SCAN]: Found META-INF/MANIFEST.MF mod of type GAMELIBRARY: C:\Users\Ryan\.gradle\caches\modules-2\files-2.1\io.github.llamalad7\mixinextras-neoforge\0.3.5\ef3ffcf309dae656517b2f120189b1c9b21737dd\mixinextras-neoforge-0.3.5.jar
[28Jun2024 20:54:06.774] [main/INFO] [net.neoforged.fml.loading.moddiscovery.ModDiscoverer/SCAN]: Found gamelibrary file "mixinextras-neoforge-0.3.5.jar" [locator: userdev mods and services, reader: mod manifest]
[28Jun2024 20:54:06.774] [main/DEBUG] [net.neoforged.fml.loading.moddiscovery.ModDiscoverer/]: Skipping C:\Users\Ryan\.gradle\caches\modules-2\files-2.1\com.github.oshi\oshi-core\6.4.10\b1d8ab82d11d92fd639b56d639f8f46f739dd5fa\oshi-core-6.4.10.jar because it was already located earlier
[28Jun2024 20:54:06.774] [main/DEBUG] [net.neoforged.fml.loading.moddiscovery.ModDiscoverer/]: Skipping C:\Users\Ryan\.gradle\caches\modules-2\files-2.1\com.mojang\datafixerupper\8.0.16\67d4de6d7f95d89bcf5862995fb854ebaec02a34\datafixerupper-8.0.16.jar because it was already located earlier
[28Jun2024 20:54:06.774] [main/DEBUG] [net.neoforged.fml.loading.moddiscovery.ModDiscoverer/]: Skipping C:\Users\Ryan\.gradle\caches\modules-2\files-2.1\com.mojang\text2speech\1.17.9\3cad216e3a7f0c19b4b394388bc9ffc446f13b14\text2speech-1.17.9.jar because it was already located earlier
[28Jun2024 20:54:06.774] [main/DEBUG] [net.neoforged.fml.loading.moddiscovery.ModDiscoverer/]: Skipping C:\Users\Ryan\.gradle\caches\modules-2\files-2.1\org.slf4j\slf4j-api\2.0.9\7cf2726fdcfbc8610f9a71fb3ed639871f315340\slf4j-api-2.0.9.jar because it was already located earlier
[28Jun2024 20:54:06.774] [main/DEBUG] [net.neoforged.fml.loading.moddiscovery.ModDiscoverer/]: Skipping C:\Users\Ryan\.gradle\caches\modules-2\files-2.1\com.google.code.gson\gson\2.10.1\b3add478d4382b78ea20b1671390a858002feb6c\gson-2.10.1.jar because it was already located earlier
[28Jun2024 20:54:06.774] [main/DEBUG] [net.neoforged.fml.loading.moddiscovery.ModDiscoverer/]: Skipping C:\Users\Ryan\.gradle\caches\modules-2\files-2.1\com.mojang\patchy\2.2.10\da05971b07cbb379d002cf7eaec6a2048211fefc\patchy-2.2.10.jar because it was already located earlier
[28Jun2024 20:54:06.774] [main/DEBUG] [net.neoforged.fml.loading.moddiscovery.ModDiscoverer/]: Skipping C:\Users\Ryan\.gradle\caches\modules-2\files-2.1\com.google.guava\guava\32.1.2-jre\5e64ec7e056456bef3a4bc4c6fdaef71e8ab6318\guava-32.1.2-jre.jar because it was already located earlier
[28Jun2024 20:54:06.774] [main/DEBUG] [net.neoforged.fml.loading.moddiscovery.ModDiscoverer/]: Skipping C:\Users\Ryan\.gradle\caches\modules-2\files-2.1\com.google.guava\failureaccess\1.0.1\1dcf1de382a0bf95a3d8b0849546c88bac1292c9\failureaccess-1.0.1.jar because it was already located earlier
[28Jun2024 20:54:06.774] [main/DEBUG] [net.neoforged.fml.loading.moddiscovery.ModDiscoverer/]: Skipping C:\Users\Ryan\.gradle\caches\modules-2\files-2.1\com.google.guava\listenablefuture\9999.0-empty-to-avoid-conflict-with-guava\b421526c5f297295adef1c886e5246c39d4ac629\listenablefuture-9999.0-empty-to-avoid-conflict-with-guava.jar because it was already located earlier
[28Jun2024 20:54:06.775] [main/DEBUG] [net.neoforged.fml.loading.moddiscovery.ModDiscoverer/]: Skipping C:\Users\Ryan\.gradle\caches\modules-2\files-2.1\com.google.code.findbugs\jsr305\3.0.2\25ea2e8b0c338a877313bd4672d3fe056ea78f0d\jsr305-3.0.2.jar because it was already located earlier
[28Jun2024 20:54:06.775] [main/DEBUG] [net.neoforged.fml.loading.moddiscovery.ModDiscoverer/]: Skipping C:\Users\Ryan\.gradle\caches\modules-2\files-2.1\org.checkerframework\checker-qual\3.33.0\de2b60b62da487644fc11f734e73c8b0b431238f\checker-qual-3.33.0.jar because it was already located earlier
[28Jun2024 20:54:06.775] [main/DEBUG] [net.neoforged.fml.loading.moddiscovery.ModDiscoverer/]: Skipping C:\Users\Ryan\.gradle\caches\modules-2\files-2.1\com.google.errorprone\error_prone_annotations\2.18.0\89b684257096f548fa39a7df9fdaa409d4d4df91\error_prone_annotations-2.18.0.jar because it was already located earlier
[28Jun2024 20:54:06.775] [main/DEBUG] [net.neoforged.fml.loading.moddiscovery.ModDiscoverer/]: Skipping C:\Users\Ryan\.gradle\caches\modules-2\files-2.1\com.google.j2objc\j2objc-annotations\2.8\c85270e307e7b822f1086b93689124b89768e273\j2objc-annotations-2.8.jar because it was already located earlier
[28Jun2024 20:54:06.775] [main/DEBUG] [net.neoforged.fml.loading.moddiscovery.ModDiscoverer/]: Skipping C:\Users\Ryan\.gradle\caches\modules-2\files-2.1\commons-io\commons-io\2.15.1\f11560da189ab563a5c8e351941415430e9304ea\commons-io-2.15.1.jar because it was already located earlier
[28Jun2024 20:54:06.775] [main/DEBUG] [net.neoforged.fml.loading.moddiscovery.ModDiscoverer/]: Skipping C:\Users\Ryan\.gradle\caches\modules-2\files-2.1\net.sf.jopt-simple\jopt-simple\5.0.4\4fdac2fbe92dfad86aa6e9301736f6b4342a3f5c\jopt-simple-5.0.4.jar because it was already located earlier
[28Jun2024 20:54:06.775] [main/DEBUG] [net.neoforged.fml.loading.moddiscovery.ModDiscoverer/]: Skipping C:\Users\Ryan\.gradle\caches\modules-2\files-2.1\net.minecraftforge\srgutils\0.4.15\ca408b131759478f164e010fae0d73997e125fb5\srgutils-0.4.15.jar because it was already located earlier
[28Jun2024 20:54:06.775] [main/DEBUG] [net.neoforged.fml.loading.moddiscovery.ModDiscoverer/]: Skipping C:\Users\Ryan\.gradle\caches\modules-2\files-2.1\org.antlr\antlr4-runtime\4.13.1\17125bae1d965624e265ef49552f6465a2bfa307\antlr4-runtime-4.13.1.jar because it was already located earlier
[28Jun2024 20:54:06.775] [main/DEBUG] [net.neoforged.fml.loading.moddiscovery.ModDiscoverer/]: Skipping C:\Users\Ryan\.gradle\caches\modules-2\files-2.1\org.jline\jline-reader\3.12.1\4382ab1382c7b6f379377ed5f665dc2f6e1218bc\jline-reader-3.12.1.jar because it was already located earlier
[28Jun2024 20:54:06.775] [main/DEBUG] [net.neoforged.fml.loading.moddiscovery.ModDiscoverer/]: Skipping C:\Users\Ryan\.gradle\caches\modules-2\files-2.1\org.jline\jline-terminal\3.12.1\c777448314e050d980a6b697c140f3bfe9eb7416\jline-terminal-3.12.1.jar because it was already located earlier
[28Jun2024 20:54:06.775] [main/DEBUG] [net.neoforged.fml.loading.moddiscovery.ModDiscoverer/]: Skipping C:\Users\Ryan\.gradle\caches\modules-2\files-2.1\org.codehaus.plexus\plexus-utils\3.3.0\cf43b5391de623b36fe066a21127baef82c64022\plexus-utils-3.3.0.jar because it was already located earlier
[28Jun2024 20:54:06.775] [main/DEBUG] [net.neoforged.fml.loading.moddiscovery.ModDiscoverer/]: Skipping C:\Users\Ryan\.gradle\caches\modules-2\files-2.1\com.machinezoo.noexception\noexception\1.7.1\b65330c98e38a1f915fa54a6e5eca496505e3f0a\noexception-1.7.1.jar because it was already located earlier
[28Jun2024 20:54:06.775] [main/DEBUG] [net.neoforged.fml.loading.moddiscovery.ModDiscoverer/]: Skipping G:\GitHub\1.21 Mo Glowstone Plus\mo-glowstone-plus-neo\.gradle\repositories\ng_dummy_ng\net\minecraft\client\1.21\client-1.21-client-extra.jar because it was already located earlier
[28Jun2024 20:54:06.775] [main/DEBUG] [net.neoforged.fml.loading.moddiscovery.ModDiscoverer/]: Skipping C:\Users\Ryan\.gradle\caches\modules-2\files-2.1\com.ibm.icu\icu4j\73.2\61ad4ef7f9131fcf6d25c34b817f90d6da06c9e9\icu4j-73.2.jar because it was already located earlier
[28Jun2024 20:54:06.776] [main/DEBUG] [net.neoforged.fml.loading.moddiscovery.ModDiscoverer/]: Skipping C:\Users\Ryan\.gradle\caches\modules-2\files-2.1\com.mojang\blocklist\1.0.10\5c685c5ffa94c4cd39496c7184c1d122e515ecef\blocklist-1.0.10.jar because it was already located earlier
[28Jun2024 20:54:06.776] [main/DEBUG] [net.neoforged.fml.loading.moddiscovery.ModDiscoverer/]: Skipping C:\Users\Ryan\.gradle\caches\modules-2\files-2.1\com.mojang\brigadier\1.2.9\73e324f2ee541493a5179abf367237faa782ed21\brigadier-1.2.9.jar because it was already located earlier
[28Jun2024 20:54:06.776] [main/DEBUG] [net.neoforged.fml.loading.moddiscovery.ModDiscoverer/]: Skipping C:\Users\Ryan\.gradle\caches\modules-2\files-2.1\org.apache.httpcomponents\httpclient\4.5.13\e5f6cae5ca7ecaac1ec2827a9e2d65ae2869cada\httpclient-4.5.13.jar because it was already located earlier
[28Jun2024 20:54:06.776] [main/DEBUG] [net.neoforged.fml.loading.moddiscovery.ModDiscoverer/]: Skipping C:\Users\Ryan\.gradle\caches\modules-2\files-2.1\commons-codec\commons-codec\1.16.0\4e3eb3d79888d76b54e28b350915b5dc3919c9de\commons-codec-1.16.0.jar because it was already located earlier
[28Jun2024 20:54:06.776] [main/DEBUG] [net.neoforged.fml.loading.moddiscovery.ModDiscoverer/]: Skipping C:\Users\Ryan\.gradle\caches\modules-2\files-2.1\commons-logging\commons-logging\1.2\4bfc12adfe4842bf07b657f0369c4cb522955686\commons-logging-1.2.jar because it was already located earlier
[28Jun2024 20:54:06.776] [main/DEBUG] [net.neoforged.fml.loading.moddiscovery.ModDiscoverer/]: Skipping C:\Users\Ryan\.gradle\caches\modules-2\files-2.1\io.netty\netty-handler\4.1.97.Final\abb86c6906bf512bf2b797a41cd7d2e8d3cd7c36\netty-handler-4.1.97.Final.jar because it was already located earlier
[28Jun2024 20:54:06.776] [main/DEBUG] [net.neoforged.fml.loading.moddiscovery.ModDiscoverer/]: Skipping C:\Users\Ryan\.gradle\caches\modules-2\files-2.1\io.netty\netty-codec\4.1.97.Final\384ba4d75670befbedb45c4d3b497a93639c206d\netty-codec-4.1.97.Final.jar because it was already located earlier
[28Jun2024 20:54:06.776] [main/DEBUG] [net.neoforged.fml.loading.moddiscovery.ModDiscoverer/]: Skipping C:\Users\Ryan\.gradle\caches\modules-2\files-2.1\io.netty\netty-transport-classes-epoll\4.1.97.Final\795da37ded759e862457a82d9d92c4d39ce8ecee\netty-transport-classes-epoll-4.1.97.Final.jar because it was already located earlier
[28Jun2024 20:54:06.776] [main/DEBUG] [net.neoforged.fml.loading.moddiscovery.ModDiscoverer/]: Skipping C:\Users\Ryan\.gradle\caches\modules-2\files-2.1\io.netty\netty-transport-native-unix-common\4.1.97.Final\d469d84265ab70095b01b40886cabdd433b6e664\netty-transport-native-unix-common-4.1.97.Final.jar because it was already located earlier
[28Jun2024 20:54:06.776] [main/DEBUG] [net.neoforged.fml.loading.moddiscovery.ModDiscoverer/]: Skipping C:\Users\Ryan\.gradle\caches\modules-2\files-2.1\io.netty\netty-transport\4.1.97.Final\f37380d23c9bb079bc702910833b2fd532c9abd0\netty-transport-4.1.97.Final.jar because it was already located earlier
[28Jun2024 20:54:06.776] [main/DEBUG] [net.neoforged.fml.loading.moddiscovery.ModDiscoverer/]: Skipping C:\Users\Ryan\.gradle\caches\modules-2\files-2.1\io.netty\netty-buffer\4.1.97.Final\f8f3d8644afa5e6e1a40a3a6aeb9d9aa970ecb4f\netty-buffer-4.1.97.Final.jar because it was already located earlier
[28Jun2024 20:54:06.776] [main/DEBUG] [net.neoforged.fml.loading.moddiscovery.ModDiscoverer/]: Skipping C:\Users\Ryan\.gradle\caches\modules-2\files-2.1\io.netty\netty-resolver\4.1.97.Final\cec8348108dc76c47cf87c669d514be52c922144\netty-resolver-4.1.97.Final.jar because it was already located earlier
[28Jun2024 20:54:06.776] [main/DEBUG] [net.neoforged.fml.loading.moddiscovery.ModDiscoverer/]: Skipping C:\Users\Ryan\.gradle\caches\modules-2\files-2.1\io.netty\netty-common\4.1.97.Final\7cceacaf11df8dc63f23d0fb58e9d4640fc88404\netty-common-4.1.97.Final.jar because it was already located earlier
[28Jun2024 20:54:06.776] [main/DEBUG] [net.neoforged.fml.loading.moddiscovery.ModDiscoverer/]: Skipping C:\Users\Ryan\.gradle\caches\modules-2\files-2.1\it.unimi.dsi\fastutil\8.5.12\c24946d46824bd528054bface3231d2ecb7e95e8\fastutil-8.5.12.jar because it was already located earlier
[28Jun2024 20:54:06.776] [main/DEBUG] [net.neoforged.fml.loading.moddiscovery.ModDiscoverer/]: Skipping C:\Users\Ryan\.gradle\caches\modules-2\files-2.1\net.java.dev.jna\jna-platform\5.14.0\28934d48aed814f11e4c584da55c49fa7032b31b\jna-platform-5.14.0.jar because it was already located earlier
[28Jun2024 20:54:06.777] [main/DEBUG] [net.neoforged.fml.loading.moddiscovery.ModDiscoverer/]: Skipping C:\Users\Ryan\.gradle\caches\modules-2\files-2.1\ca.weblite\java-objc-bridge\1.1\1227f9e0666314f9de41477e3ec277e542ed7f7b\java-objc-bridge-1.1.jar because it was already located earlier
[28Jun2024 20:54:06.777] [main/DEBUG] [net.neoforged.fml.loading.moddiscovery.ModDiscoverer/]: Skipping C:\Users\Ryan\.gradle\caches\modules-2\files-2.1\net.java.dev.jna\jna\5.14.0\67bf3eaea4f0718cb376a181a629e5f88fa1c9dd\jna-5.14.0.jar because it was already located earlier
[28Jun2024 20:54:06.777] [main/DEBUG] [net.neoforged.fml.loading.moddiscovery.ModDiscoverer/]: Skipping C:\Users\Ryan\.gradle\caches\modules-2\files-2.1\org.apache.httpcomponents\httpcore\4.4.16\51cf043c87253c9f58b539c9f7e44c8894223850\httpcore-4.4.16.jar because it was already located earlier
[28Jun2024 20:54:06.777] [main/DEBUG] [net.neoforged.fml.loading.moddiscovery.ModDiscoverer/]: Skipping C:\Users\Ryan\.gradle\caches\modules-2\files-2.1\org.jcraft\jorbis\0.0.17\8872d22b293e8f5d7d56ff92be966e6dc28ebdc6\jorbis-0.0.17.jar because it was already located earlier
[28Jun2024 20:54:06.777] [main/DEBUG] [net.neoforged.fml.loading.moddiscovery.ModDiscoverer/]: Skipping C:\Users\Ryan\.gradle\caches\modules-2\files-2.1\org.joml\joml\1.10.5\22566d58af70ad3d72308bab63b8339906deb649\joml-1.10.5.jar because it was already located earlier
[28Jun2024 20:54:06.777] [main/DEBUG] [net.neoforged.fml.loading.moddiscovery.ModDiscoverer/]: Skipping C:\Users\Ryan\.gradle\caches\modules-2\files-2.1\org.lwjgl\lwjgl-freetype\3.3.3\a0db6c84a8becc8ca05f9dbfa985edc348a824c7\lwjgl-freetype-3.3.3.jar because it was already located earlier
[28Jun2024 20:54:06.784] [main/DEBUG] [net.neoforged.fml.loading.moddiscovery.ModDiscoverer/]: Skipping C:\Users\Ryan\.gradle\caches\modules-2\files-2.1\org.lwjgl\lwjgl-freetype\3.3.3\15a8c1de7f51d07a92eae7ce1222557073a0c0c3\lwjgl-freetype-3.3.3-natives-windows-x86.jar because it was already located earlier
[28Jun2024 20:54:06.784] [main/DEBUG] [net.neoforged.fml.loading.moddiscovery.ModDiscoverer/]: Skipping C:\Users\Ryan\.gradle\caches\modules-2\files-2.1\org.lwjgl\lwjgl-glfw\3.3.3\efa1eb78c5ccd840e9f329717109b5e892d72f8e\lwjgl-glfw-3.3.3.jar because it was already located earlier
[28Jun2024 20:54:06.793] [main/DEBUG] [net.neoforged.fml.loading.moddiscovery.ModDiscoverer/]: Skipping C:\Users\Ryan\.gradle\caches\modules-2\files-2.1\org.lwjgl\lwjgl-glfw\3.3.3\32334f3fd5270a59bad9939a93115acb6de36dcf\lwjgl-glfw-3.3.3-natives-windows-x86.jar because it was already located earlier
[28Jun2024 20:54:06.793] [main/DEBUG] [net.neoforged.fml.loading.moddiscovery.ModDiscoverer/]: Skipping C:\Users\Ryan\.gradle\caches\modules-2\files-2.1\org.lwjgl\lwjgl-jemalloc\3.3.3\b543467b7ff3c6920539a88ee602d34098628be5\lwjgl-jemalloc-3.3.3.jar because it was already located earlier
[28Jun2024 20:54:06.793] [main/DEBUG] [net.neoforged.fml.loading.moddiscovery.ModDiscoverer/]: Skipping C:\Users\Ryan\.gradle\caches\modules-2\files-2.1\org.lwjgl\lwjgl-jemalloc\3.3.3\426222fc027602a5f21b9c0fe79cde6a4c7a011f\lwjgl-jemalloc-3.3.3-natives-windows.jar because it was already located earlier
[28Jun2024 20:54:06.800] [main/DEBUG] [net.neoforged.fml.loading.moddiscovery.ModDiscoverer/]: Skipping C:\Users\Ryan\.gradle\caches\modules-2\files-2.1\org.lwjgl\lwjgl-openal\3.3.3\daada81ceb5fc0c291fbfdd4433cb8d9423577f2\lwjgl-openal-3.3.3.jar because it was already located earlier
[28Jun2024 20:54:06.809] [main/DEBUG] [net.neoforged.fml.loading.moddiscovery.ModDiscoverer/]: Skipping C:\Users\Ryan\.gradle\caches\modules-2\files-2.1\org.lwjgl\lwjgl-openal\3.3.3\87b8d5050e3adb46bb58fe1cb2669a4a48fce10d\lwjgl-openal-3.3.3-natives-windows-x86.jar because it was already located earlier
[28Jun2024 20:54:06.810] [main/DEBUG] [net.neoforged.fml.loading.moddiscovery.ModDiscoverer/]: Skipping C:\Users\Ryan\.gradle\caches\modules-2\files-2.1\org.lwjgl\lwjgl-opengl\3.3.3\2f6b0147078396a58979125a4c947664e98293a\lwjgl-opengl-3.3.3.jar because it was already located earlier
[28Jun2024 20:54:06.814] [main/DEBUG] [net.neoforged.fml.loading.moddiscovery.ModDiscoverer/]: Skipping C:\Users\Ryan\.gradle\caches\modules-2\files-2.1\org.lwjgl\lwjgl-opengl\3.3.3\65e956d3735a1abdc82eff4baec1b61174697d4b\lwjgl-opengl-3.3.3-natives-windows-arm64.jar because it was already located earlier
[28Jun2024 20:54:06.818] [main/DEBUG] [net.neoforged.fml.loading.moddiscovery.ModDiscoverer/]: Skipping C:\Users\Ryan\.gradle\caches\modules-2\files-2.1\org.lwjgl\lwjgl-stb\3.3.3\25dd6161988d7e65f71d5065c99902402ee32746\lwjgl-stb-3.3.3.jar because it was already located earlier
[28Jun2024 20:54:06.818] [main/DEBUG] [net.neoforged.fml.loading.moddiscovery.ModDiscoverer/]: Skipping C:\Users\Ryan\.gradle\caches\modules-2\files-2.1\org.lwjgl\lwjgl-stb\3.3.3\1d9facdf6541de114b0f963be33505b7679c78cb\lwjgl-stb-3.3.3-natives-windows.jar because it was already located earlier
[28Jun2024 20:54:06.827] [main/DEBUG] [net.neoforged.fml.loading.moddiscovery.ModDiscoverer/]: Skipping C:\Users\Ryan\.gradle\caches\modules-2\files-2.1\org.lwjgl\lwjgl-tinyfd\3.3.3\82d755ca94b102e9ca77283b9e2dc46d1b15fbe5\lwjgl-tinyfd-3.3.3.jar because it was already located earlier
[28Jun2024 20:54:06.827] [main/DEBUG] [net.neoforged.fml.loading.moddiscovery.ModDiscoverer/]: Skipping C:\Users\Ryan\.gradle\caches\modules-2\files-2.1\org.lwjgl\lwjgl-tinyfd\3.3.3\a6697981b0449a5087c1d546fc08b4f73e8f98c9\lwjgl-tinyfd-3.3.3-natives-windows.jar because it was already located earlier
[28Jun2024 20:54:06.834] [main/DEBUG] [net.neoforged.fml.loading.moddiscovery.ModDiscoverer/]: Skipping C:\Users\Ryan\.gradle\caches\modules-2\files-2.1\org.lwjgl\lwjgl\3.3.3\29589b5f87ed335a6c7e7ee6a5775f81f97ecb84\lwjgl-3.3.3.jar because it was already located earlier
[28Jun2024 20:54:06.843] [main/DEBUG] [net.neoforged.fml.loading.moddiscovery.ModDiscoverer/]: Skipping C:\Users\Ryan\.gradle\caches\modules-2\files-2.1\org.lwjgl\lwjgl\3.3.3\9e670718e050aeaeea0c2d5b907cffb142f2e58f\lwjgl-3.3.3-natives-windows-x86.jar because it was already located earlier
[28Jun2024 20:54:06.843] [main/DEBUG] [net.neoforged.fml.loading.moddiscovery.ModDiscoverer/]: Skipping C:\Users\Ryan\.gradle\caches\modules-2\files-2.1\org.lz4\lz4-java\1.8.0\4b986a99445e49ea5fbf5d149c4b63f6ed6c6780\lz4-java-1.8.0.jar because it was already located earlier
[28Jun2024 20:54:06.843] [main/DEBUG] [net.neoforged.fml.loading.moddiscovery.ModDiscoverer/]: Skipping C:\Users\Ryan\.gradle\caches\modules-2\files-2.1\org.jetbrains\annotations\24.1.0\7af6a669488450c4a07c2c3254e2151df42d7d04\annotations-24.1.0.jar because it was already located earlier
[28Jun2024 20:54:06.843] [main/DEBUG] [net.neoforged.fml.loading.moddiscovery.ModDiscoverer/SCAN]: Locator userdev mods and services found 5 mods, 0 warnings, 0 errors and skipped 85 candidates
[28Jun2024 20:54:06.845] [main/DEBUG] [net.neoforged.fml.loading.UniqueModListBuilder/]: Found 2 mods for first modid neoforge, selecting most recent based on version data
[28Jun2024 20:54:06.846] [main/DEBUG] [net.neoforged.fml.loading.UniqueModListBuilder/]: Selected file neoforge-21.0.42-beta.jar for modid neoforge with version 21.0.42-beta
[28Jun2024 20:54:06.849] [main/DEBUG] [net.neoforged.fml.loading.moddiscovery.ModDiscoverer/SCAN]: Successfully Loaded 6 mods. Attempting to load dependencies...
[28Jun2024 20:54:06.849] [main/DEBUG] [net.neoforged.fml.loading.moddiscovery.ModDiscoverer/SCAN]: Trying locator jarinjar
[28Jun2024 20:54:06.852] [main/TRACE] [net.neoforged.fml.loading.moddiscovery.locators.JarInJarDependencyLocator/]: Failed to load resource META-INF\jarjar\metadata.json from neoforge-21.0.42-beta.jar, it does not contain dependency information.
[28Jun2024 20:54:06.853] [main/TRACE] [net.neoforged.fml.loading.moddiscovery.locators.JarInJarDependencyLocator/]: Failed to load resource META-INF\jarjar\metadata.json from mixinextras-neoforge-0.3.5.jar, it does not contain dependency information.
[28Jun2024 20:54:06.853] [main/TRACE] [net.neoforged.fml.loading.moddiscovery.locators.JarInJarDependencyLocator/]: Failed to load resource META-INF\jarjar\metadata.json from ctd-core-258186-5483842.jar, it does not contain dependency information.
[28Jun2024 20:54:06.853] [main/TRACE] [net.neoforged.fml.loading.moddiscovery.locators.JarInJarDependencyLocator/]: Failed to load resource META-INF\jarjar\metadata.json from mo-glowstone-253336-5478547.jar, it does not contain dependency information.
[28Jun2024 20:54:06.854] [main/TRACE] [net.neoforged.fml.loading.moddiscovery.locators.JarInJarDependencyLocator/]: Failed to load resource META-INF\jarjar\metadata.json from main, it does not contain dependency information.
[28Jun2024 20:54:06.948] [main/DEBUG] [net.neoforged.fml.loading.moddiscovery.readers.JarModsDotTomlModFileReader/SCAN]: Found META-INF/MANIFEST.MF mod of type GAMELIBRARY: 
[28Jun2024 20:54:06.950] [main/TRACE] [net.neoforged.fml.loading.moddiscovery.locators.JarInJarDependencyLocator/]: Failed to load resource META-INF\jarjar\metadata.json from mixinextras-neoforge-0.3.5.jar, it does not contain dependency information.
[28Jun2024 20:54:06.977] [main/DEBUG] [net.neoforged.fml.loading.moddiscovery.readers.JarModsDotTomlModFileReader/SCAN]: Found META-INF/MANIFEST.MF mod of type GAMELIBRARY: 
[28Jun2024 20:54:06.978] [main/WARN] [net.neoforged.jarjar.selection.JarSelector/]: Attempted to select a dependency jar for JarJar which was passed in as source: mixinextras-neoforge-0.3.5.jar. Using Mod File: C:\Users\Ryan\.gradle\caches\modules-2\files-2.1\io.github.llamalad7\mixinextras-neoforge\0.3.5\ef3ffcf309dae656517b2f120189b1c9b21737dd\mixinextras-neoforge-0.3.5.jar
[28Jun2024 20:54:06.978] [main/INFO] [net.neoforged.fml.loading.moddiscovery.locators.JarInJarDependencyLocator/]: No dependencies to load found. Skipping!
[28Jun2024 20:54:06.980] [main/DEBUG] [net.neoforged.fml.loading.moddiscovery.ModFileInfo/LOADING]: Found valid mod file neoforge-21.0.42-beta.jar with {minecraft} mods - versions {1.21}
[28Jun2024 20:54:06.982] [main/DEBUG] [net.neoforged.fml.loading.moddiscovery.ModFile/LOADING]: Loading mod file G:\GitHub\1.21 Mo Glowstone Plus\mo-glowstone-plus-neo\.gradle\repositories\ng_dummy_ng\net\neoforged\neoforge\21.0.42-beta\neoforge-21.0.42-beta.jar with languages [LanguageSpec[languageName=minecraft, acceptedVersions=1]]
[28Jun2024 20:54:06.983] [main/DEBUG] [net.neoforged.fml.loading.moddiscovery.ModFileParser/LOADING]: Considering mod file candidate C:\Users\Ryan\.gradle\caches\modules-2\files-2.1\curse.maven\ctd-core-258186\5483842\dbbbd36eff0fde12f40108824a7c9850936eaaff\ctd-core-258186-5483842.jar
[28Jun2024 20:54:06.985] [main/DEBUG] [net.neoforged.fml.loading.moddiscovery.ModFileInfo/LOADING]: Found valid mod file ctd-core-258186-5483842.jar with {ctdcore} mods - versions {2.6.1b}
[28Jun2024 20:54:06.985] [main/DEBUG] [net.neoforged.fml.loading.moddiscovery.ModFile/LOADING]: Loading mod file C:\Users\Ryan\.gradle\caches\modules-2\files-2.1\curse.maven\ctd-core-258186\5483842\dbbbd36eff0fde12f40108824a7c9850936eaaff\ctd-core-258186-5483842.jar with languages [LanguageSpec[languageName=javafml, acceptedVersions=[4,)]]
[28Jun2024 20:54:06.985] [main/DEBUG] [net.neoforged.fml.loading.moddiscovery.ModFileParser/LOADING]: Considering mod file candidate C:\Users\Ryan\.gradle\caches\modules-2\files-2.1\curse.maven\mo-glowstone-253336\5478547\34883e9fbb2320a2f726d1174c411fd8191836e9\mo-glowstone-253336-5478547.jar
[28Jun2024 20:54:06.986] [main/DEBUG] [net.neoforged.fml.loading.moddiscovery.ModFileInfo/LOADING]: Found valid mod file mo-glowstone-253336-5478547.jar with {moglowstone} mods - versions {2.6.1}
[28Jun2024 20:54:06.986] [main/DEBUG] [net.neoforged.fml.loading.moddiscovery.ModFile/LOADING]: Loading mod file C:\Users\Ryan\.gradle\caches\modules-2\files-2.1\curse.maven\mo-glowstone-253336\5478547\34883e9fbb2320a2f726d1174c411fd8191836e9\mo-glowstone-253336-5478547.jar with languages [LanguageSpec[languageName=javafml, acceptedVersions=[4,)]]
[28Jun2024 20:54:06.986] [main/DEBUG] [net.neoforged.fml.loading.moddiscovery.ModFileParser/LOADING]: Considering mod file candidate G:\GitHub\1.21 Mo Glowstone Plus\mo-glowstone-plus-neo\.gradle\repositories\ng_dummy_ng\net\neoforged\neoforge\21.0.42-beta\neoforge-21.0.42-beta.jar
[28Jun2024 20:54:06.987] [main/DEBUG] [net.neoforged.fml.loading.moddiscovery.ModFileInfo/LOADING]: Found valid mod file neoforge-21.0.42-beta.jar with {neoforge} mods - versions {21.0.42-beta}
[28Jun2024 20:54:06.987] [main/DEBUG] [net.neoforged.fml.loading.moddiscovery.ModFile/LOADING]: Loading mod file G:\GitHub\1.21 Mo Glowstone Plus\mo-glowstone-plus-neo\.gradle\repositories\ng_dummy_ng\net\neoforged\neoforge\21.0.42-beta\neoforge-21.0.42-beta.jar with languages [LanguageSpec[languageName=javafml, acceptedVersions=[3,]]]
[28Jun2024 20:54:06.990] [main/DEBUG] [net.neoforged.fml.loading.moddiscovery.ModFileParser/LOADING]: Found coremod field_to_method with Javascript path coremods/field_to_method.js
[28Jun2024 20:54:06.991] [main/DEBUG] [net.neoforged.fml.loading.moddiscovery.ModFileParser/LOADING]: Found coremod field_to_instanceof with Javascript path coremods/field_to_instanceof.js
[28Jun2024 20:54:06.991] [main/DEBUG] [net.neoforged.fml.loading.moddiscovery.ModFileParser/LOADING]: Found coremod add_bouncer_method with Javascript path coremods/add_bouncer_method.js
[28Jun2024 20:54:06.991] [main/DEBUG] [net.neoforged.fml.loading.moddiscovery.ModFileParser/LOADING]: Found coremod method_redirector with Javascript path coremods/method_redirector.js
[28Jun2024 20:54:06.991] [main/DEBUG] [net.neoforged.fml.loading.moddiscovery.ModFileParser/LOADING]: Considering mod file candidate G:\GitHub\1.21 Mo Glowstone Plus\mo-glowstone-plus-neo\build\resources\main
[28Jun2024 20:54:06.993] [main/DEBUG] [net.neoforged.fml.loading.moddiscovery.ModFileInfo/LOADING]: Found valid mod file main with {moglowstoneplus} mods - versions {1.3.0}
[28Jun2024 20:54:06.993] [main/DEBUG] [net.neoforged.fml.loading.moddiscovery.ModFile/LOADING]: Loading mod file G:\GitHub\1.21 Mo Glowstone Plus\mo-glowstone-plus-neo\build\resources\main with languages [LanguageSpec[languageName=javafml, acceptedVersions=[4,)]]
[28Jun2024 20:54:06.993] [main/DEBUG] [net.neoforged.fml.loading.moddiscovery.ModFile/LOADING]: Loading mod file C:\Users\Ryan\.gradle\caches\modules-2\files-2.1\io.github.llamalad7\mixinextras-neoforge\0.3.5\ef3ffcf309dae656517b2f120189b1c9b21737dd\mixinextras-neoforge-0.3.5.jar with languages []
[28Jun2024 20:54:06.994] [main/DEBUG] [net.neoforged.fml.loading.moddiscovery.ModValidator/SCAN]: Found 6 mod files with 5 mods
[28Jun2024 20:54:06.995] [main/DEBUG] [cpw.mods.modlauncher.TransformationServiceDecorator/MODLAUNCHER]: End scan trigger - transformation service fml
[28Jun2024 20:54:07.002] [main/DEBUG] [net.neoforged.fml.util.ServiceLoaderUtil/CORE]: Found 3 implementations of IModLanguageLoader:
[28Jun2024 20:54:07.002] [main/DEBUG] [net.neoforged.fml.util.ServiceLoaderUtil/CORE]: 	net.neoforged.fml.javafmlmod.FMLJavaModLanguageProvider from loader-4.0.6.jar
[28Jun2024 20:54:07.002] [main/DEBUG] [net.neoforged.fml.util.ServiceLoaderUtil/CORE]: 	net.neoforged.fml.lowcodemod.LowCodeModLanguageProvider from loader-4.0.6.jar
[28Jun2024 20:54:07.003] [main/DEBUG] [net.neoforged.fml.util.ServiceLoaderUtil/CORE]: 	net.neoforged.fml.mclanguageprovider.MinecraftModLanguageProvider from loader-4.0.6.jar
[28Jun2024 20:54:07.003] [main/DEBUG] [net.neoforged.fml.loading.LanguageProviderLoader/CORE]: Found language provider javafml, version 4.0.6
[28Jun2024 20:54:07.004] [main/DEBUG] [net.neoforged.fml.loading.LanguageProviderLoader/CORE]: Found language provider lowcodefml, version 4.0.6
[28Jun2024 20:54:07.004] [main/DEBUG] [net.neoforged.fml.loading.LanguageProviderLoader/CORE]: Found language provider minecraft, version 4.0.6
[28Jun2024 20:54:07.009] [main/DEBUG] [net.neoforged.fml.loading.ModSorter/]: Configured system mods: [minecraft, neoforge]
[28Jun2024 20:54:07.009] [main/DEBUG] [net.neoforged.fml.loading.ModSorter/]: Found system mod: minecraft
[28Jun2024 20:54:07.009] [main/DEBUG] [net.neoforged.fml.loading.ModSorter/]: Found system mod: neoforge
[28Jun2024 20:54:07.011] [main/DEBUG] [net.neoforged.fml.loading.ModSorter/LOADING]: Found 3 mod requirements (3 mandatory, 0 optional)
[28Jun2024 20:54:07.012] [main/DEBUG] [net.neoforged.fml.loading.ModSorter/LOADING]: Found 0 mod requirements missing (0 mandatory, 0 optional)
[28Jun2024 20:54:07.028] [main/DEBUG] [net.neoforged.fml.loading.FMLLoader/SCAN]: Adding Access Transformer in G:\GitHub\1.21 Mo Glowstone Plus\mo-glowstone-plus-neo\.gradle\repositories\ng_dummy_ng\net\neoforged\neoforge\21.0.42-beta\neoforge-21.0.42-beta.jar
[28Jun2024 20:54:07.034] [main/DEBUG] [AXFORM/AXFORM]: Loading access transformer accesstransformer.cfg
[28Jun2024 20:54:07.139] [main/DEBUG] [AXFORM/AXFORM]: Loaded access transformer accesstransformer.cfg
[28Jun2024 20:54:07.150] [main/DEBUG] [cpw.mods.modlauncher.TransformationServicesHandler/MODLAUNCHER]: Transformation services loading transformers
[28Jun2024 20:54:07.151] [main/DEBUG] [cpw.mods.modlauncher.TransformationServiceDecorator/MODLAUNCHER]: Initializing transformers for transformation service mixin
[28Jun2024 20:54:07.153] [main/DEBUG] [cpw.mods.modlauncher.TransformationServiceDecorator/MODLAUNCHER]: Initialized transformers for transformation service mixin
[28Jun2024 20:54:07.153] [main/DEBUG] [cpw.mods.modlauncher.TransformationServiceDecorator/MODLAUNCHER]: Initializing transformers for transformation service mixin-synthetic-package
[28Jun2024 20:54:07.153] [main/DEBUG] [cpw.mods.modlauncher.TransformationServiceDecorator/MODLAUNCHER]: Initialized transformers for transformation service mixin-synthetic-package
[28Jun2024 20:54:07.153] [main/DEBUG] [cpw.mods.modlauncher.TransformationServiceDecorator/MODLAUNCHER]: Initializing transformers for transformation service fml
[28Jun2024 20:54:07.153] [main/DEBUG] [net.neoforged.fml.loading.FMLServiceProvider/LOADING]: Loading coremod transformers
[28Jun2024 20:54:07.153] [main/INFO] [net.neoforged.fml.loading.FMLServiceProvider/CORE]: Loading coremod script-engine for [neoforge]
[28Jun2024 20:54:07.156] [main/DEBUG] [net.neoforged.fml.loading.CoreModScriptLoader/CORE]: Loading coremod scripts
[28Jun2024 20:54:07.513] [main/DEBUG] [net.neoforged.coremod.CoreModScriptingEngine/COREMOD]: Loading CoreMod from coremods/field_to_method.js
[28Jun2024 20:54:07.749] [main/DEBUG] [net.neoforged.coremod.CoreModScriptingEngine/COREMOD]: CoreMod loaded successfully
[28Jun2024 20:54:07.749] [main/DEBUG] [net.neoforged.coremod.CoreModScriptingEngine/COREMOD]: Loading CoreMod from coremods/field_to_instanceof.js
[28Jun2024 20:54:07.865] [main/DEBUG] [net.neoforged.coremod.CoreModScriptingEngine/COREMOD]: CoreMod loaded successfully
[28Jun2024 20:54:07.865] [main/DEBUG] [net.neoforged.coremod.CoreModScriptingEngine/COREMOD]: Loading CoreMod from coremods/add_bouncer_method.js
[28Jun2024 20:54:08.061] [main/DEBUG] [net.neoforged.coremod.CoreModScriptingEngine/COREMOD]: CoreMod loaded successfully
[28Jun2024 20:54:08.061] [main/DEBUG] [net.neoforged.coremod.CoreModScriptingEngine/COREMOD]: Loading CoreMod from coremods/method_redirector.js
[28Jun2024 20:54:08.315] [main/DEBUG] [net.neoforged.coremod.CoreModScriptingEngine/COREMOD]: CoreMod loaded successfully
[28Jun2024 20:54:08.345] [main/DEBUG] [net.neoforged.fml.util.ServiceLoaderUtil/CORE]: Found 0 implementations of ICoreMod:
[28Jun2024 20:54:08.349] [main/DEBUG] [cpw.mods.modlauncher.TransformStore/MODLAUNCHER]: Adding transformer net.neoforged.coremod.transformer.CoreModClassTransformer@467233e4 to Target : cpw.mods.modlauncher.api.TargetType@724bade8 {Lnet/minecraft/world/level/biome/Biome;} {} {V}
[28Jun2024 20:54:08.350] [main/DEBUG] [cpw.mods.modlauncher.TransformStore/MODLAUNCHER]: Adding transformer net.neoforged.coremod.transformer.CoreModClassTransformer@1e79d43 to Target : cpw.mods.modlauncher.api.TargetType@724bade8 {Lnet/minecraft/world/level/levelgen/structure/Structure;} {} {V}
[28Jun2024 20:54:08.352] [main/DEBUG] [cpw.mods.modlauncher.TransformStore/MODLAUNCHER]: Adding transformer net.neoforged.coremod.transformer.CoreModClassTransformer@343e225a to Target : cpw.mods.modlauncher.api.TargetType@724bade8 {Lnet/minecraft/world/level/block/FlowerPotBlock;} {} {V}
[28Jun2024 20:54:08.352] [main/DEBUG] [cpw.mods.modlauncher.TransformStore/MODLAUNCHER]: Adding transformer net.neoforged.coremod.transformer.CoreModClassTransformer@1a07bf6 to Target : cpw.mods.modlauncher.api.TargetType@724bade8 {Lnet/minecraft/network/play/client/CClientSettingsPacket;} {} {V}
[28Jun2024 20:54:08.352] [main/DEBUG] [cpw.mods.modlauncher.TransformStore/MODLAUNCHER]: Adding transformer net.neoforged.coremod.transformer.CoreModClassTransformer@4c0e426a to Target : cpw.mods.modlauncher.api.TargetType@724bade8 {Lnet/minecraft/world/level/NaturalSpawner;} {} {V}
[28Jun2024 20:54:08.352] [main/DEBUG] [cpw.mods.modlauncher.TransformStore/MODLAUNCHER]: Adding transformer net.neoforged.coremod.transformer.CoreModClassTransformer@4c0e426a to Target : cpw.mods.modlauncher.api.TargetType@724bade8 {Lnet/minecraft/world/entity/ai/village/VillageSiege;} {} {V}
[28Jun2024 20:54:08.352] [main/DEBUG] [cpw.mods.modlauncher.TransformStore/MODLAUNCHER]: Adding transformer net.neoforged.coremod.transformer.CoreModClassTransformer@4c0e426a to Target : cpw.mods.modlauncher.api.TargetType@724bade8 {Lnet/minecraft/server/commands/SummonCommand;} {} {V}
[28Jun2024 20:54:08.352] [main/DEBUG] [cpw.mods.modlauncher.TransformStore/MODLAUNCHER]: Adding transformer net.neoforged.coremod.transformer.CoreModClassTransformer@4c0e426a to Target : cpw.mods.modlauncher.api.TargetType@724bade8 {Lnet/minecraft/world/level/levelgen/structure/structures/WoodlandMansionPieces$WoodlandMansionPiece;} {} {V}
[28Jun2024 20:54:08.352] [main/DEBUG] [cpw.mods.modlauncher.TransformStore/MODLAUNCHER]: Adding transformer net.neoforged.coremod.transformer.CoreModClassTransformer@4c0e426a to Target : cpw.mods.modlauncher.api.TargetType@724bade8 {Lnet/minecraft/world/level/levelgen/PhantomSpawner;} {} {V}
[28Jun2024 20:54:08.352] [main/DEBUG] [cpw.mods.modlauncher.TransformStore/MODLAUNCHER]: Adding transformer net.neoforged.coremod.transformer.CoreModClassTransformer@4c0e426a to Target : cpw.mods.modlauncher.api.TargetType@724bade8 {Lnet/minecraft/server/commands/RaidCommand;} {} {V}
[28Jun2024 20:54:08.352] [main/DEBUG] [cpw.mods.modlauncher.TransformStore/MODLAUNCHER]: Adding transformer net.neoforged.coremod.transformer.CoreModClassTransformer@4c0e426a to Target : cpw.mods.modlauncher.api.TargetType@724bade8 {Lnet/minecraft/world/level/levelgen/PatrolSpawner;} {} {V}
[28Jun2024 20:54:08.352] [main/DEBUG] [cpw.mods.modlauncher.TransformStore/MODLAUNCHER]: Adding transformer net.neoforged.coremod.transformer.CoreModClassTransformer@4c0e426a to Target : cpw.mods.modlauncher.api.TargetType@724bade8 {Lnet/minecraft/world/entity/npc/CatSpawner;} {} {V}
[28Jun2024 20:54:08.352] [main/DEBUG] [cpw.mods.modlauncher.TransformStore/MODLAUNCHER]: Adding transformer net.neoforged.coremod.transformer.CoreModClassTransformer@4c0e426a to Target : cpw.mods.modlauncher.api.TargetType@724bade8 {Lnet/minecraft/world/level/levelgen/structure/structures/OceanRuinPieces$OceanRuinPiece;} {} {V}
[28Jun2024 20:54:08.352] [main/DEBUG] [cpw.mods.modlauncher.TransformStore/MODLAUNCHER]: Adding transformer net.neoforged.coremod.transformer.CoreModClassTransformer@4c0e426a to Target : cpw.mods.modlauncher.api.TargetType@724bade8 {Lnet/minecraft/world/entity/monster/Evoker$EvokerSummonSpellGoal;} {} {V}
[28Jun2024 20:54:08.353] [main/DEBUG] [cpw.mods.modlauncher.TransformStore/MODLAUNCHER]: Adding transformer net.neoforged.coremod.transformer.CoreModClassTransformer@4c0e426a to Target : cpw.mods.modlauncher.api.TargetType@724bade8 {Lnet/minecraft/world/entity/monster/Strider;} {} {V}
[28Jun2024 20:54:08.353] [main/DEBUG] [cpw.mods.modlauncher.TransformStore/MODLAUNCHER]: Adding transformer net.neoforged.coremod.transformer.CoreModClassTransformer@4c0e426a to Target : cpw.mods.modlauncher.api.TargetType@724bade8 {Lnet/minecraft/world/level/levelgen/structure/templatesystem/StructureTemplate;} {} {V}
[28Jun2024 20:54:08.354] [main/DEBUG] [cpw.mods.modlauncher.TransformStore/MODLAUNCHER]: Adding transformer net.neoforged.coremod.transformer.CoreModClassTransformer@4c0e426a to Target : cpw.mods.modlauncher.api.TargetType@724bade8 {Lnet/minecraft/world/level/levelgen/structure/structures/SwampHutPiece;} {} {V}
[28Jun2024 20:54:08.354] [main/DEBUG] [cpw.mods.modlauncher.TransformStore/MODLAUNCHER]: Adding transformer net.neoforged.coremod.transformer.CoreModClassTransformer@4c0e426a to Target : cpw.mods.modlauncher.api.TargetType@724bade8 {Lnet/minecraft/world/entity/animal/horse/SkeletonTrapGoal;} {} {V}
[28Jun2024 20:54:08.354] [main/DEBUG] [cpw.mods.modlauncher.TransformStore/MODLAUNCHER]: Adding transformer net.neoforged.coremod.transformer.CoreModClassTransformer@4c0e426a to Target : cpw.mods.modlauncher.api.TargetType@724bade8 {Lnet/minecraft/world/entity/raid/Raid;} {} {V}
[28Jun2024 20:54:08.354] [main/DEBUG] [cpw.mods.modlauncher.TransformStore/MODLAUNCHER]: Adding transformer net.neoforged.coremod.transformer.CoreModClassTransformer@4c0e426a to Target : cpw.mods.modlauncher.api.TargetType@724bade8 {Lnet/minecraft/world/entity/EntityType;} {} {V}
[28Jun2024 20:54:08.354] [main/DEBUG] [cpw.mods.modlauncher.TransformStore/MODLAUNCHER]: Adding transformer net.neoforged.coremod.transformer.CoreModClassTransformer@4c0e426a to Target : cpw.mods.modlauncher.api.TargetType@724bade8 {Lnet/minecraft/world/entity/animal/frog/Tadpole;} {} {V}
[28Jun2024 20:54:08.354] [main/DEBUG] [cpw.mods.modlauncher.TransformStore/MODLAUNCHER]: Adding transformer net.neoforged.coremod.transformer.CoreModClassTransformer@4c0e426a to Target : cpw.mods.modlauncher.api.TargetType@724bade8 {Lnet/minecraft/world/entity/npc/Villager;} {} {V}
[28Jun2024 20:54:08.354] [main/DEBUG] [cpw.mods.modlauncher.TransformStore/MODLAUNCHER]: Adding transformer net.neoforged.coremod.transformer.CoreModClassTransformer@4c0e426a to Target : cpw.mods.modlauncher.api.TargetType@724bade8 {Lnet/minecraft/world/entity/monster/ZombieVillager;} {} {V}
[28Jun2024 20:54:08.354] [main/DEBUG] [cpw.mods.modlauncher.TransformStore/MODLAUNCHER]: Adding transformer net.neoforged.coremod.transformer.CoreModClassTransformer@4c0e426a to Target : cpw.mods.modlauncher.api.TargetType@724bade8 {Lnet/minecraft/world/entity/monster/Spider;} {} {V}
[28Jun2024 20:54:08.354] [main/DEBUG] [cpw.mods.modlauncher.TransformStore/MODLAUNCHER]: Adding transformer net.neoforged.coremod.transformer.CoreModClassTransformer@4c0e426a to Target : cpw.mods.modlauncher.api.TargetType@724bade8 {Lnet/minecraft/world/entity/monster/Zombie;} {} {V}
[28Jun2024 20:54:08.354] [main/DEBUG] [cpw.mods.modlauncher.TransformStore/MODLAUNCHER]: Adding transformer net.neoforged.coremod.transformer.CoreModClassTransformer@4c0e426a to Target : cpw.mods.modlauncher.api.TargetType@724bade8 {Lnet/minecraft/world/level/levelgen/structure/structures/OceanMonumentPieces$OceanMonumentPiece;} {} {V}
[28Jun2024 20:54:08.354] [main/DEBUG] [cpw.mods.modlauncher.TransformationServiceDecorator/MODLAUNCHER]: Initialized transformers for transformation service fml
[28Jun2024 20:54:08.503] [main/DEBUG] [mixin/]: Processing prepare() for PlatformAgent[MixinPlatformAgentDefault:ModLauncher Root Container(ModLauncher:4f56a0a2)]
[28Jun2024 20:54:08.503] [main/DEBUG] [mixin/]: Processing launch tasks for PlatformAgent[MixinPlatformAgentDefault:ModLauncher Root Container(ModLauncher:4f56a0a2)]
[28Jun2024 20:54:08.504] [main/DEBUG] [mixin/]: Adding mixin platform agents for container SecureJarResource(mixinsynthetic)
[28Jun2024 20:54:08.504] [main/DEBUG] [mixin/]: Instancing new MixinPlatformAgentMinecraftForge for SecureJarResource(mixinsynthetic)
[28Jun2024 20:54:08.504] [main/DEBUG] [mixin/]: MixinPlatformAgentMinecraftForge rejected container SecureJarResource(mixinsynthetic)
[28Jun2024 20:54:08.504] [main/DEBUG] [mixin/]: Instancing new MixinPlatformAgentDefault for SecureJarResource(mixinsynthetic)
[28Jun2024 20:54:08.504] [main/DEBUG] [mixin/]: MixinPlatformAgentDefault accepted container SecureJarResource(mixinsynthetic)
[28Jun2024 20:54:08.504] [main/DEBUG] [mixin/]: Processing prepare() for PlatformAgent[MixinPlatformAgentDefault:SecureJarResource(mixinsynthetic)]
[28Jun2024 20:54:08.504] [main/DEBUG] [mixin/]: Adding mixin platform agents for container SecureJarResource(minecraft)
[28Jun2024 20:54:08.504] [main/DEBUG] [mixin/]: Instancing new MixinPlatformAgentMinecraftForge for SecureJarResource(minecraft)
[28Jun2024 20:54:08.504] [main/DEBUG] [mixin/]: MixinPlatformAgentMinecraftForge rejected container SecureJarResource(minecraft)
[28Jun2024 20:54:08.504] [main/DEBUG] [mixin/]: Instancing new MixinPlatformAgentDefault for SecureJarResource(minecraft)
[28Jun2024 20:54:08.504] [main/DEBUG] [mixin/]: MixinPlatformAgentDefault accepted container SecureJarResource(minecraft)
[28Jun2024 20:54:08.504] [main/DEBUG] [mixin/]: Processing prepare() for PlatformAgent[MixinPlatformAgentDefault:SecureJarResource(minecraft)]
[28Jun2024 20:54:08.504] [main/DEBUG] [mixin/]: Adding mixin platform agents for container SecureJarResource(ctdcore)
[28Jun2024 20:54:08.504] [main/DEBUG] [mixin/]: Instancing new MixinPlatformAgentMinecraftForge for SecureJarResource(ctdcore)
[28Jun2024 20:54:08.504] [main/DEBUG] [mixin/]: MixinPlatformAgentMinecraftForge rejected container SecureJarResource(ctdcore)
[28Jun2024 20:54:08.505] [main/DEBUG] [mixin/]: Instancing new MixinPlatformAgentDefault for SecureJarResource(ctdcore)
[28Jun2024 20:54:08.505] [main/DEBUG] [mixin/]: MixinPlatformAgentDefault accepted container SecureJarResource(ctdcore)
[28Jun2024 20:54:08.505] [main/DEBUG] [mixin/]: Processing prepare() for PlatformAgent[MixinPlatformAgentDefault:SecureJarResource(ctdcore)]
[28Jun2024 20:54:08.505] [main/DEBUG] [mixin/]: Adding mixin platform agents for container SecureJarResource(moglowstone)
[28Jun2024 20:54:08.505] [main/DEBUG] [mixin/]: Instancing new MixinPlatformAgentMinecraftForge for SecureJarResource(moglowstone)
[28Jun2024 20:54:08.505] [main/DEBUG] [mixin/]: MixinPlatformAgentMinecraftForge rejected container SecureJarResource(moglowstone)
[28Jun2024 20:54:08.506] [main/DEBUG] [mixin/]: Instancing new MixinPlatformAgentDefault for SecureJarResource(moglowstone)
[28Jun2024 20:54:08.506] [main/DEBUG] [mixin/]: MixinPlatformAgentDefault accepted container SecureJarResource(moglowstone)
[28Jun2024 20:54:08.506] [main/DEBUG] [mixin/]: Processing prepare() for PlatformAgent[MixinPlatformAgentDefault:SecureJarResource(moglowstone)]
[28Jun2024 20:54:08.506] [main/DEBUG] [mixin/]: Adding mixin platform agents for container SecureJarResource(moglowstoneplus)
[28Jun2024 20:54:08.506] [main/DEBUG] [mixin/]: Instancing new MixinPlatformAgentMinecraftForge for SecureJarResource(moglowstoneplus)
[28Jun2024 20:54:08.506] [main/DEBUG] [mixin/]: MixinPlatformAgentMinecraftForge rejected container SecureJarResource(moglowstoneplus)
[28Jun2024 20:54:08.506] [main/DEBUG] [mixin/]: Instancing new MixinPlatformAgentDefault for SecureJarResource(moglowstoneplus)
[28Jun2024 20:54:08.506] [main/DEBUG] [mixin/]: MixinPlatformAgentDefault accepted container SecureJarResource(moglowstoneplus)
[28Jun2024 20:54:08.506] [main/DEBUG] [mixin/]: Processing prepare() for PlatformAgent[MixinPlatformAgentDefault:SecureJarResource(moglowstoneplus)]
[28Jun2024 20:54:08.506] [main/DEBUG] [mixin/]: Adding mixin platform agents for container SecureJarResource(mixinextras.neoforge)
[28Jun2024 20:54:08.507] [main/DEBUG] [mixin/]: Instancing new MixinPlatformAgentMinecraftForge for SecureJarResource(mixinextras.neoforge)
[28Jun2024 20:54:08.507] [main/DEBUG] [mixin/]: MixinPlatformAgentMinecraftForge rejected container SecureJarResource(mixinextras.neoforge)
[28Jun2024 20:54:08.507] [main/DEBUG] [mixin/]: Instancing new MixinPlatformAgentDefault for SecureJarResource(mixinextras.neoforge)
[28Jun2024 20:54:08.507] [main/DEBUG] [mixin/]: MixinPlatformAgentDefault accepted container SecureJarResource(mixinextras.neoforge)
[28Jun2024 20:54:08.507] [main/DEBUG] [mixin/]: Processing prepare() for PlatformAgent[MixinPlatformAgentDefault:SecureJarResource(mixinextras.neoforge)]
[28Jun2024 20:54:08.507] [main/DEBUG] [mixin/]: Registering mixin config: mixinextras.init.mixins.json
[28Jun2024 20:54:08.556] [main/DEBUG] [mixin/]: inject() running with 7 agents
[28Jun2024 20:54:08.556] [main/DEBUG] [mixin/]: Processing inject() for PlatformAgent[MixinPlatformAgentDefault:ModLauncher Root Container(ModLauncher:4f56a0a2)]
[28Jun2024 20:54:08.556] [main/DEBUG] [mixin/]: Processing inject() for PlatformAgent[MixinPlatformAgentDefault:SecureJarResource(mixinsynthetic)]
[28Jun2024 20:54:08.556] [main/DEBUG] [mixin/]: Processing inject() for PlatformAgent[MixinPlatformAgentDefault:SecureJarResource(minecraft)]
[28Jun2024 20:54:08.556] [main/DEBUG] [mixin/]: Processing inject() for PlatformAgent[MixinPlatformAgentDefault:SecureJarResource(ctdcore)]
[28Jun2024 20:54:08.556] [main/DEBUG] [mixin/]: Processing inject() for PlatformAgent[MixinPlatformAgentDefault:SecureJarResource(moglowstone)]
[28Jun2024 20:54:08.556] [main/DEBUG] [mixin/]: Processing inject() for PlatformAgent[MixinPlatformAgentDefault:SecureJarResource(moglowstoneplus)]
[28Jun2024 20:54:08.556] [main/DEBUG] [mixin/]: Processing inject() for PlatformAgent[MixinPlatformAgentDefault:SecureJarResource(mixinextras.neoforge)]
[28Jun2024 20:54:08.556] [main/INFO] [cpw.mods.modlauncher.LaunchServiceHandler/MODLAUNCHER]: Launching target 'forgeclientuserdev' with arguments [--version, 21.0.42-beta, --gameDir, ., --assetsDir, C:\Users\Ryan\.gradle\caches\minecraft\assets\1.21, --assetIndex, asset-index]
[28Jun2024 20:54:08.622] [main/DEBUG] [mixin/]: Error cleaning class output directory: .mixin.out
[28Jun2024 20:54:08.627] [main/DEBUG] [mixin/]: Preparing mixins for MixinEnvironment[DEFAULT]
[28Jun2024 20:54:08.627] [main/DEBUG] [mixin/]: Selecting config mixinextras.init.mixins.json
[28Jun2024 20:54:08.659] [main/DEBUG] [MixinExtras|Service/]: com.llamalad7.mixinextras.service.MixinExtrasServiceImpl(version=0.3.5) is taking over from null
[28Jun2024 20:54:08.690] [main/DEBUG] [mixin/]: Registering new injector for @Inject with org.spongepowered.asm.mixin.injection.struct.CallbackInjectionInfo
[28Jun2024 20:54:08.691] [main/DEBUG] [mixin/]: Registering new injector for @ModifyArg with org.spongepowered.asm.mixin.injection.struct.ModifyArgInjectionInfo
[28Jun2024 20:54:08.693] [main/DEBUG] [mixin/]: Registering new injector for @ModifyArgs with org.spongepowered.asm.mixin.injection.struct.ModifyArgsInjectionInfo
[28Jun2024 20:54:08.694] [main/DEBUG] [mixin/]: Registering new injector for @Redirect with org.spongepowered.asm.mixin.injection.struct.RedirectInjectionInfo
[28Jun2024 20:54:08.695] [main/DEBUG] [mixin/]: Registering new injector for @ModifyVariable with org.spongepowered.asm.mixin.injection.struct.ModifyVariableInjectionInfo
[28Jun2024 20:54:08.696] [main/DEBUG] [mixin/]: Registering new injector for @ModifyConstant with org.spongepowered.asm.mixin.injection.struct.ModifyConstantInjectionInfo
[28Jun2024 20:54:08.707] [main/DEBUG] [mixin/]: Preparing mixinextras.init.mixins.json (0)
[28Jun2024 20:54:08.708] [main/DEBUG] [net.neoforged.fml.common.asm.RuntimeDistCleaner/DISTXFORM]: Removing Class Annotation: net/minecraft/client/gui/screens/LoadingOverlay @Lnet/neoforged/api/distmarker/OnlyIn;
[28Jun2024 20:54:08.711] [main/DEBUG] [net.neoforged.fml.common.asm.RuntimeDistCleaner/DISTXFORM]: Removing Class Annotation: net/minecraft/client/gui/screens/Overlay @Lnet/neoforged/api/distmarker/OnlyIn;
[28Jun2024 20:54:08.712] [main/DEBUG] [net.neoforged.fml.common.asm.RuntimeDistCleaner/DISTXFORM]: Removing Class Annotation: net/minecraft/client/gui/components/Renderable @Lnet/neoforged/api/distmarker/OnlyIn;
[28Jun2024 20:54:08.713] [main/DEBUG] [net.neoforged.fml.common.asm.RuntimeDistCleaner/DISTXFORM]: Removing Class Annotation: net/minecraft/client/renderer/texture/AbstractTexture @Lnet/neoforged/api/distmarker/OnlyIn;
[28Jun2024 20:54:08.714] [main/DEBUG] [net.neoforged.fml.common.asm.RuntimeDistCleaner/DISTXFORM]: Removing Class Annotation: net/minecraft/client/gui/screens/LoadingOverlay$LogoTexture @Lnet/neoforged/api/distmarker/OnlyIn;
[28Jun2024 20:54:08.714] [main/DEBUG] [net.neoforged.fml.common.asm.RuntimeDistCleaner/DISTXFORM]: Removing Class Annotation: net/minecraft/client/renderer/texture/SimpleTexture @Lnet/neoforged/api/distmarker/OnlyIn;
[28Jun2024 20:54:08.715] [main/DEBUG] [net.neoforged.fml.common.asm.RuntimeDistCleaner/DISTXFORM]: Removing Class Annotation: com/mojang/blaze3d/vertex/VertexConsumer @Lnet/neoforged/api/distmarker/OnlyIn;
[28Jun2024 20:54:08.718] [main/DEBUG] [net.neoforged.fml.common.asm.RuntimeDistCleaner/DISTXFORM]: Removing Class Annotation: net/minecraft/client/gui/GuiGraphics @Lnet/neoforged/api/distmarker/OnlyIn;
[28Jun2024 20:54:08.727] [main/DEBUG] [net.neoforged.fml.common.asm.RuntimeDistCleaner/DISTXFORM]: Removing Class Annotation: net/minecraft/client/Minecraft @Lnet/neoforged/api/distmarker/OnlyIn;
[28Jun2024 20:54:08.741] [main/DEBUG] [net.neoforged.fml.common.asm.RuntimeDistCleaner/DISTXFORM]: Removing Class Annotation: com/mojang/blaze3d/platform/WindowEventHandler @Lnet/neoforged/api/distmarker/OnlyIn;
[28Jun2024 20:54:08.747] [main/DEBUG] [net.neoforged.accesstransformer.AccessTransformer/AXFORM]: Transforming net.minecraft.util.thread.BlockableEventLoop METHOD submitAsync(Ljava/lang/Runnable;)Ljava/util/concurrent/CompletableFuture; to access PUBLIC and LEAVE
[28Jun2024 20:54:09.020] [main/DEBUG] [io.netty.util.internal.logging.InternalLoggerFactory/]: Using SLF4J as the default logging framework
[28Jun2024 20:54:09.023] [main/DEBUG] [io.netty.util.ResourceLeakDetector/]: -Dio.netty.leakDetection.level: simple
[28Jun2024 20:54:09.023] [main/DEBUG] [io.netty.util.ResourceLeakDetector/]: -Dio.netty.leakDetection.targetRecords: 4
[28Jun2024 20:54:09.725] [main/DEBUG] [oshi.util.FileUtil/]: No oshi.properties file found from ClassLoader cpw.mods.modlauncher.TransformingClassLoader@2007435e
[28Jun2024 20:54:10.005] [Datafixer Bootstrap/INFO] [com.mojang.datafixers.DataFixerBuilder/]: 229 Datafixer optimizations took 306 milliseconds
[28Jun2024 20:54:10.085] [main/DEBUG] [oshi.util.FileUtil/]: No oshi.architecture.properties file found from ClassLoader cpw.mods.modlauncher.TransformingClassLoader@2007435e
[28Jun2024 20:54:10.143] [main/WARN] [oshi.driver.windows.perfmon.PerfmonDisabled/]: Invalid registry value type detected for PerfOS counters. Should be REG_DWORD. Ignoring: HKEY_LOCAL_MACHINE\SYSTEM\CurrentControlSet\Services\PerfOS\Performance\Disable Performance Counters.
[28Jun2024 20:54:10.669] [pool-9-thread-1/DEBUG] [net.neoforged.coremod.transformer.CoreModBaseTransformer/COREMOD]: Transforming net/minecraft/world/level/block/FlowerPotBlock
[28Jun2024 20:54:10.713] [pool-9-thread-1/DEBUG] [net.neoforged.coremod.transformer.CoreModBaseTransformer/COREMOD]: Transforming net/minecraft/world/entity/EntityType
[28Jun2024 20:54:11.360] [pool-9-thread-1/DEBUG] [net.neoforged.coremod.transformer.CoreModBaseTransformer/COREMOD]: Transforming net/minecraft/world/level/biome/Biome
[28Jun2024 20:54:11.842] [pool-9-thread-1/DEBUG] [net.neoforged.coremod.transformer.CoreModBaseTransformer/COREMOD]: Transforming net/minecraft/world/entity/animal/frog/Tadpole
[28Jun2024 20:54:12.506] [pool-9-thread-1/DEBUG] [io.netty.util.internal.PlatformDependent0/]: -Dio.netty.noUnsafe: false
[28Jun2024 20:54:12.506] [pool-9-thread-1/DEBUG] [io.netty.util.internal.PlatformDependent0/]: Java version: 21
[28Jun2024 20:54:12.507] [pool-9-thread-1/DEBUG] [io.netty.util.internal.PlatformDependent0/]: sun.misc.Unsafe.theUnsafe: available
[28Jun2024 20:54:12.507] [pool-9-thread-1/DEBUG] [io.netty.util.internal.PlatformDependent0/]: sun.misc.Unsafe.copyMemory: available
[28Jun2024 20:54:12.507] [pool-9-thread-1/DEBUG] [io.netty.util.internal.PlatformDependent0/]: sun.misc.Unsafe.storeFence: available
[28Jun2024 20:54:12.508] [pool-9-thread-1/DEBUG] [io.netty.util.internal.PlatformDependent0/]: java.nio.Buffer.address: available
[28Jun2024 20:54:12.508] [pool-9-thread-1/DEBUG] [io.netty.util.internal.PlatformDependent0/]: java.nio.Bits.unaligned: available, true
[28Jun2024 20:54:12.511] [pool-9-thread-1/DEBUG] [io.netty.util.internal.PlatformDependent0/]: java.nio.DirectByteBuffer.<init>(long, {int,long}): unavailable
[28Jun2024 20:54:12.511] [pool-9-thread-1/DEBUG] [io.netty.util.internal.PlatformDependent/]: sun.misc.Unsafe: available
[28Jun2024 20:54:12.511] [pool-9-thread-1/DEBUG] [io.netty.util.internal.PlatformDependent/]: maxDirectMemory: 8568963072 bytes (maybe)
[28Jun2024 20:54:12.511] [pool-9-thread-1/DEBUG] [io.netty.util.internal.PlatformDependent/]: -Dio.netty.tmpdir: C:\Users\Ryan\AppData\Local\Temp (java.io.tmpdir)
[28Jun2024 20:54:12.512] [pool-9-thread-1/DEBUG] [io.netty.util.internal.PlatformDependent/]: -Dio.netty.bitMode: 64 (sun.arch.data.model)
[28Jun2024 20:54:12.512] [pool-9-thread-1/DEBUG] [io.netty.util.internal.PlatformDependent/]: Platform: Windows
[28Jun2024 20:54:12.512] [pool-9-thread-1/DEBUG] [io.netty.util.internal.PlatformDependent/]: -Dio.netty.maxDirectMemory: -1 bytes
[28Jun2024 20:54:12.512] [pool-9-thread-1/DEBUG] [io.netty.util.internal.PlatformDependent/]: -Dio.netty.uninitializedArrayAllocationThreshold: -1
[28Jun2024 20:54:12.514] [pool-9-thread-1/DEBUG] [io.netty.util.internal.CleanerJava9/]: java.nio.ByteBuffer.cleaner(): available
[28Jun2024 20:54:12.514] [pool-9-thread-1/DEBUG] [io.netty.util.internal.PlatformDependent/]: -Dio.netty.noPreferDirect: false
[28Jun2024 20:54:12.861] [pool-9-thread-1/DEBUG] [net.neoforged.coremod.transformer.CoreModBaseTransformer/COREMOD]: Transforming net/minecraft/world/entity/monster/Spider
[28Jun2024 20:54:12.909] [pool-9-thread-1/DEBUG] [net.neoforged.coremod.transformer.CoreModBaseTransformer/COREMOD]: Transforming net/minecraft/world/entity/monster/Zombie
[28Jun2024 20:54:12.945] [pool-9-thread-1/DEBUG] [net.neoforged.coremod.transformer.CoreModBaseTransformer/COREMOD]: Transforming net/minecraft/world/entity/monster/ZombieVillager
[28Jun2024 20:54:12.993] [pool-9-thread-1/DEBUG] [net.neoforged.coremod.transformer.CoreModBaseTransformer/COREMOD]: Transforming net/minecraft/world/entity/monster/Evoker$EvokerSummonSpellGoal
[28Jun2024 20:54:13.112] [pool-9-thread-1/DEBUG] [net.neoforged.coremod.transformer.CoreModBaseTransformer/COREMOD]: Transforming net/minecraft/world/entity/animal/horse/SkeletonTrapGoal
[28Jun2024 20:54:13.128] [pool-9-thread-1/DEBUG] [net.neoforged.coremod.transformer.CoreModBaseTransformer/COREMOD]: Transforming net/minecraft/world/entity/monster/Strider
[28Jun2024 20:54:13.159] [pool-9-thread-1/DEBUG] [net.neoforged.coremod.transformer.CoreModBaseTransformer/COREMOD]: Transforming net/minecraft/world/entity/npc/Villager
[28Jun2024 20:54:14.054] [pool-9-thread-1/DEBUG] [net.neoforged.coremod.transformer.CoreModBaseTransformer/COREMOD]: Transforming net/minecraft/world/level/levelgen/structure/Structure
[28Jun2024 20:54:14.080] [pool-9-thread-1/DEBUG] [net.neoforged.coremod.transformer.CoreModBaseTransformer/COREMOD]: Transforming net/minecraft/world/level/levelgen/structure/structures/OceanRuinPieces$OceanRuinPiece
[28Jun2024 20:54:14.087] [pool-9-thread-1/DEBUG] [net.neoforged.coremod.transformer.CoreModBaseTransformer/COREMOD]: Transforming net/minecraft/world/level/levelgen/structure/structures/SwampHutPiece
[28Jun2024 20:54:14.093] [pool-9-thread-1/DEBUG] [net.neoforged.coremod.transformer.CoreModBaseTransformer/COREMOD]: Transforming net/minecraft/world/level/levelgen/structure/structures/OceanMonumentPieces$OceanMonumentPiece
[28Jun2024 20:54:14.104] [pool-9-thread-1/DEBUG] [net.neoforged.coremod.transformer.CoreModBaseTransformer/COREMOD]: Transforming net/minecraft/world/level/levelgen/structure/structures/WoodlandMansionPieces$WoodlandMansionPiece
[28Jun2024 20:54:14.410] [pool-9-thread-1/DEBUG] [net.neoforged.neoforge.registries.GameData/REGISTRIES]: Creating vanilla freeze snapshot
[28Jun2024 20:54:14.435] [pool-9-thread-1/DEBUG] [net.neoforged.neoforge.registries.GameData/REGISTRIES]: Vanilla freeze snapshot created
[28Jun2024 20:54:14.921] [main/DEBUG] [net.neoforged.coremod.transformer.CoreModBaseTransformer/COREMOD]: Transforming net/minecraft/server/commands/SummonCommand
[28Jun2024 20:54:15.000] [main/DEBUG] [net.neoforged.coremod.transformer.CoreModBaseTransformer/COREMOD]: Transforming net/minecraft/server/commands/RaidCommand
[28Jun2024 20:54:15.053] [main/WARN] [net.minecraft.commands.Commands/]: Ambiguity between arguments [teleport, location] and [teleport, destination] with inputs: [0.1 -0.5 .9, 0 0 0]
[28Jun2024 20:54:15.054] [main/WARN] [net.minecraft.commands.Commands/]: Ambiguity between arguments [teleport, location] and [teleport, targets] with inputs: [0.1 -0.5 .9, 0 0 0]
[28Jun2024 20:54:15.057] [main/WARN] [net.minecraft.commands.Commands/]: Ambiguity between arguments [teleport, destination] and [teleport, targets] with inputs: [Player, 0123, @e, dd12be42-52a9-4a91-a8a1-11c01849e498]
[28Jun2024 20:54:15.058] [main/WARN] [net.minecraft.commands.Commands/]: Ambiguity between arguments [teleport, targets] and [teleport, destination] with inputs: [Player, 0123, dd12be42-52a9-4a91-a8a1-11c01849e498]
[28Jun2024 20:54:15.059] [main/WARN] [net.minecraft.commands.Commands/]: Ambiguity between arguments [teleport, targets, location] and [teleport, targets, destination] with inputs: [0.1 -0.5 .9, 0 0 0]
[28Jun2024 20:54:15.179] [Render thread/WARN] [net.minecraft.server.packs.VanillaPackResourcesBuilder/]: Assets URL 'union:/G:/GitHub/1.21%20Mo%20Glowstone%20Plus/mo-glowstone-plus-neo/.gradle/repositories/ng_dummy_ng/net/neoforged/neoforge/21.0.42-beta/neoforge-21.0.42-beta.jar%23190!/assets/.mcassetsroot' uses unexpected schema
[28Jun2024 20:54:15.179] [Render thread/WARN] [net.minecraft.server.packs.VanillaPackResourcesBuilder/]: Assets URL 'union:/G:/GitHub/1.21%20Mo%20Glowstone%20Plus/mo-glowstone-plus-neo/.gradle/repositories/ng_dummy_ng/net/neoforged/neoforge/21.0.42-beta/neoforge-21.0.42-beta.jar%23190!/data/.mcassetsroot' uses unexpected schema
[28Jun2024 20:54:15.210] [Render thread/INFO] [com.mojang.authlib.yggdrasil.YggdrasilAuthenticationService/]: Environment: Environment[sessionHost=https://sessionserver.mojang.com, servicesHost=https://api.minecraftservices.com, name=PROD]
[28Jun2024 20:54:15.217] [Render thread/INFO] [net.minecraft.client.Minecraft/]: Setting user: Dev
[28Jun2024 20:54:15.290] [Render thread/INFO] [net.minecraft.client.Minecraft/]: Backend library: LWJGL version 3.3.3+5
[28Jun2024 20:54:15.452] [Render thread/DEBUG] [net.neoforged.fml.ModWorkManager/LOADING]: Using 16 threads for parallel mod-loading
[28Jun2024 20:54:15.461] [Render thread/DEBUG] [net.neoforged.fml.javafmlmod.FMLModContainer/LOADING]: Creating FMLModContainer instance for [com.themastergeneral.ctdcore.CTDCore]
[28Jun2024 20:54:15.463] [Render thread/DEBUG] [net.neoforged.fml.javafmlmod.FMLModContainer/LOADING]: Creating FMLModContainer instance for [com.themastergeneral.moglowstone.MoGlowstone]
[28Jun2024 20:54:15.464] [Render thread/DEBUG] [net.neoforged.fml.javafmlmod.FMLModContainer/LOADING]: Creating FMLModContainer instance for [net.neoforged.neoforge.common.NeoForgeMod, net.neoforged.neoforge.client.ClientNeoForgeMod]
[28Jun2024 20:54:15.467] [Render thread/DEBUG] [net.neoforged.fml.javafmlmod.FMLModContainer/LOADING]: Creating FMLModContainer instance for [com.allkillernofiller.moglowstoneplus.MoGlowstonePlus]
[28Jun2024 20:54:15.476] [modloading-worker-0/DEBUG] [net.neoforged.fml.javafmlmod.AutomaticEventSubscriber/LOADING]: Attempting to inject @EventBusSubscriber classes into the eventbus for ctdcore
[28Jun2024 20:54:15.482] [modloading-worker-0/DEBUG] [net.neoforged.neoforge.internal.versions.neoforge.NeoForgeVersion/CORE]: Found NeoForge version 21.0.42-beta
[28Jun2024 20:54:15.483] [modloading-worker-0/DEBUG] [net.neoforged.neoforge.internal.versions.neoforge.NeoForgeVersion/CORE]: Found FML version 4.0.6
[28Jun2024 20:54:15.483] [modloading-worker-0/INFO] [net.neoforged.neoforge.common.NeoForgeMod/NEOFORGE-MOD]: NeoForge mod loading, version 21.0.42-beta, for MC 1.21
[28Jun2024 20:54:15.487] [modloading-worker-0/DEBUG] [net.neoforged.fml.javafmlmod.AutomaticEventSubscriber/LOADING]: Attempting to inject @EventBusSubscriber classes into the eventbus for moglowstone
[28Jun2024 20:54:15.499] [modloading-worker-0/DEBUG] [net.neoforged.fml.javafmlmod.AutomaticEventSubscriber/LOADING]: Attempting to inject @EventBusSubscriber classes into the eventbus for moglowstoneplus
[28Jun2024 20:54:15.500] [modloading-worker-0/DEBUG] [net.neoforged.fml.config.ConfigTracker/CONFIG]: Config file neoforge-client.toml for neoforge tracking
[28Jun2024 20:54:15.500] [modloading-worker-0/DEBUG] [net.neoforged.fml.config.ConfigTracker/CONFIG]: Config file neoforge-server.toml for neoforge tracking
[28Jun2024 20:54:15.500] [modloading-worker-0/DEBUG] [net.neoforged.fml.config.ConfigTracker/CONFIG]: Config file neoforge-common.toml for neoforge tracking
[28Jun2024 20:54:15.548] [modloading-worker-0/DEBUG] [net.neoforged.fml.javafmlmod.AutomaticEventSubscriber/LOADING]: Attempting to inject @EventBusSubscriber classes into the eventbus for neoforge
[28Jun2024 20:54:15.550] [modloading-worker-0/DEBUG] [net.neoforged.fml.javafmlmod.AutomaticEventSubscriber/LOADING]: Auto-subscribing net.neoforged.neoforge.server.command.ConfigCommand to GAME
[28Jun2024 20:54:15.551] [modloading-worker-0/DEBUG] [net.neoforged.fml.javafmlmod.AutomaticEventSubscriber/LOADING]: Auto-subscribing net.neoforged.neoforge.network.filters.GenericPacketSplitter to MOD
[28Jun2024 20:54:15.570] [modloading-worker-0/DEBUG] [io.netty.buffer.AbstractByteBuf/]: -Dio.netty.buffer.checkAccessible: true
[28Jun2024 20:54:15.570] [modloading-worker-0/DEBUG] [io.netty.buffer.AbstractByteBuf/]: -Dio.netty.buffer.checkBounds: true
[28Jun2024 20:54:15.571] [modloading-worker-0/DEBUG] [io.netty.util.ResourceLeakDetectorFactory/]: Loaded default ResourceLeakDetector: io.netty.util.ResourceLeakDetector@fa4778a
[28Jun2024 20:54:15.579] [modloading-worker-0/DEBUG] [io.netty.util.internal.InternalThreadLocalMap/]: -Dio.netty.threadLocalMap.stringBuilder.initialSize: 1024
[28Jun2024 20:54:15.580] [modloading-worker-0/DEBUG] [io.netty.util.internal.InternalThreadLocalMap/]: -Dio.netty.threadLocalMap.stringBuilder.maxSize: 4096
[28Jun2024 20:54:15.583] [modloading-worker-0/DEBUG] [io.netty.buffer.PooledByteBufAllocator/]: -Dio.netty.allocator.numHeapArenas: 32
[28Jun2024 20:54:15.583] [modloading-worker-0/DEBUG] [io.netty.buffer.PooledByteBufAllocator/]: -Dio.netty.allocator.numDirectArenas: 32
[28Jun2024 20:54:15.583] [modloading-worker-0/DEBUG] [io.netty.buffer.PooledByteBufAllocator/]: -Dio.netty.allocator.pageSize: 8192
[28Jun2024 20:54:15.583] [modloading-worker-0/DEBUG] [io.netty.buffer.PooledByteBufAllocator/]: -Dio.netty.allocator.maxOrder: 9
[28Jun2024 20:54:15.583] [modloading-worker-0/DEBUG] [io.netty.buffer.PooledByteBufAllocator/]: -Dio.netty.allocator.chunkSize: 4194304
[28Jun2024 20:54:15.584] [modloading-worker-0/DEBUG] [io.netty.buffer.PooledByteBufAllocator/]: -Dio.netty.allocator.smallCacheSize: 256
[28Jun2024 20:54:15.584] [modloading-worker-0/DEBUG] [io.netty.buffer.PooledByteBufAllocator/]: -Dio.netty.allocator.normalCacheSize: 64
[28Jun2024 20:54:15.584] [modloading-worker-0/DEBUG] [io.netty.buffer.PooledByteBufAllocator/]: -Dio.netty.allocator.maxCachedBufferCapacity: 32768
[28Jun2024 20:54:15.584] [modloading-worker-0/DEBUG] [io.netty.buffer.PooledByteBufAllocator/]: -Dio.netty.allocator.cacheTrimInterval: 8192
[28Jun2024 20:54:15.584] [modloading-worker-0/DEBUG] [io.netty.buffer.PooledByteBufAllocator/]: -Dio.netty.allocator.cacheTrimIntervalMillis: 0
[28Jun2024 20:54:15.584] [modloading-worker-0/DEBUG] [io.netty.buffer.PooledByteBufAllocator/]: -Dio.netty.allocator.useCacheForAllThreads: false
[28Jun2024 20:54:15.584] [modloading-worker-0/DEBUG] [io.netty.buffer.PooledByteBufAllocator/]: -Dio.netty.allocator.maxCachedByteBuffersPerChunk: 1023
[28Jun2024 20:54:15.594] [modloading-worker-0/DEBUG] [io.netty.buffer.ByteBufUtil/]: -Dio.netty.allocator.type: pooled
[28Jun2024 20:54:15.594] [modloading-worker-0/DEBUG] [io.netty.buffer.ByteBufUtil/]: -Dio.netty.threadLocalDirectBufferSize: 0
[28Jun2024 20:54:15.594] [modloading-worker-0/DEBUG] [io.netty.buffer.ByteBufUtil/]: -Dio.netty.maxThreadLocalCharBufferSize: 16384
[28Jun2024 20:54:15.602] [modloading-worker-0/DEBUG] [net.neoforged.fml.javafmlmod.AutomaticEventSubscriber/LOADING]: Auto-subscribing net.neoforged.neoforge.network.NetworkInitialization to MOD
[28Jun2024 20:54:15.603] [modloading-worker-0/DEBUG] [net.neoforged.fml.javafmlmod.AutomaticEventSubscriber/LOADING]: Auto-subscribing net.neoforged.neoforge.network.ConfigurationInitialization to MOD
[28Jun2024 20:54:15.605] [modloading-worker-0/DEBUG] [net.neoforged.fml.javafmlmod.AutomaticEventSubscriber/LOADING]: Auto-subscribing net.neoforged.neoforge.common.MonsterRoomHooks to GAME
[28Jun2024 20:54:15.606] [modloading-worker-0/DEBUG] [net.neoforged.fml.javafmlmod.AutomaticEventSubscriber/LOADING]: Auto-subscribing net.neoforged.neoforge.common.DeferredSpawnEggItem$CommonHandler to MOD
[28Jun2024 20:54:15.607] [modloading-worker-0/DEBUG] [net.neoforged.fml.javafmlmod.AutomaticEventSubscriber/LOADING]: Auto-subscribing net.neoforged.neoforge.common.DeferredSpawnEggItem$ColorRegisterHandler to MOD
[28Jun2024 20:54:15.608] [modloading-worker-0/DEBUG] [net.neoforged.fml.javafmlmod.AutomaticEventSubscriber/LOADING]: Auto-subscribing net.neoforged.neoforge.client.model.data.ModelDataManager to GAME
[28Jun2024 20:54:15.610] [modloading-worker-0/DEBUG] [net.neoforged.fml.javafmlmod.AutomaticEventSubscriber/LOADING]: Auto-subscribing net.neoforged.neoforge.client.ParticleBoundsDebugRenderer to GAME
[28Jun2024 20:54:15.612] [modloading-worker-0/DEBUG] [net.neoforged.fml.javafmlmod.AutomaticEventSubscriber/LOADING]: Auto-subscribing net.neoforged.neoforge.client.ClientHooks$ClientEvents to MOD
[28Jun2024 20:54:15.614] [modloading-worker-0/DEBUG] [net.neoforged.fml.javafmlmod.AutomaticEventSubscriber/LOADING]: Auto-subscribing net.neoforged.neoforge.client.BlockEntityRenderBoundsDebugRenderer to GAME
[28Jun2024 20:54:15.616] [modloading-worker-0/DEBUG] [net.neoforged.fml.javafmlmod.AutomaticEventSubscriber/LOADING]: Auto-subscribing net.neoforged.neoforge.attachment.AttachmentInternals to GAME
[28Jun2024 20:54:15.625] [modloading-sync-worker/DEBUG] [net.neoforged.neoforge.registries.GameData/REGISTRIES]: Unfreezing registries
[28Jun2024 20:54:15.772] [modloading-sync-worker/DEBUG] [net.neoforged.neoforge.registries.GameData/REGISTRIES]: Freezing registries
[28Jun2024 20:54:15.819] [modloading-sync-worker/DEBUG] [net.neoforged.neoforge.registries.GameData/REGISTRIES]: All registries frozen
[28Jun2024 20:54:16.296] [Render thread/INFO] [net.neoforged.neoforge.gametest.GameTestHooks/]: Enabled Gametest Namespaces: []
[28Jun2024 20:54:16.441] [Render thread/INFO] [net.minecraft.server.packs.resources.ReloadableResourceManager/]: Reloading ResourceManager: vanilla, mod_resources, mod/ctdcore, mod/moglowstone, mod/neoforge, mod/moglowstoneplus
[28Jun2024 20:54:16.573] [Worker-Main-12/INFO] [net.minecraft.client.gui.font.providers.UnihexProvider/]: Found unifont_all_no_pua-15.1.05.hex, loading
[28Jun2024 20:54:16.583] [Render thread/DEBUG] [net.neoforged.fml.config.ConfigTracker/CONFIG]: Loading configs type CLIENT
[28Jun2024 20:54:16.595] [Render thread/DEBUG] [net.neoforged.fml.config.ConfigFileTypeHandler/CONFIG]: Built TOML config for G:\GitHub\1.21 Mo Glowstone Plus\mo-glowstone-plus-neo\runs\client\config\neoforge-client.toml
[28Jun2024 20:54:16.600] [Render thread/DEBUG] [net.neoforged.fml.config.ConfigFileTypeHandler/CONFIG]: Loaded TOML config file G:\GitHub\1.21 Mo Glowstone Plus\mo-glowstone-plus-neo\runs\client\config\neoforge-client.toml
[28Jun2024 20:54:16.667] [Render thread/DEBUG] [net.neoforged.fml.config.ConfigFileTypeHandler/CONFIG]: Watching TOML config file G:\GitHub\1.21 Mo Glowstone Plus\mo-glowstone-plus-neo\runs\client\config\neoforge-client.toml for changes
[28Jun2024 20:54:16.685] [Render thread/WARN] [net.neoforged.neoforge.common.ModConfigSpec/CORE]: Configuration file G:\GitHub\1.21 Mo Glowstone Plus\mo-glowstone-plus-neo\runs\client\config\neoforge-client.toml is not correct. Correcting
[28Jun2024 20:54:16.691] [Render thread/WARN] [net.neoforged.neoforge.common.ModConfigSpec/CORE]: Incorrect key client was corrected from null to its default, SimpleCommentedConfig:{}. 
[28Jun2024 20:54:16.692] [Render thread/WARN] [net.neoforged.neoforge.common.ModConfigSpec/CORE]: Incorrect key client.experimentalForgeLightPipelineEnabled was corrected from null to its default, false. 
[28Jun2024 20:54:16.693] [Render thread/DEBUG] [net.neoforged.neoforge.common.ModConfigSpec/CORE]: The comment on key client.experimentalForgeLightPipelineEnabled does not match the spec. This may create a backup.
[28Jun2024 20:54:16.693] [Render thread/WARN] [net.neoforged.neoforge.common.ModConfigSpec/CORE]: Incorrect key client.showLoadWarnings was corrected from null to its default, true. 
[28Jun2024 20:54:16.693] [Render thread/DEBUG] [net.neoforged.neoforge.common.ModConfigSpec/CORE]: The comment on key client.showLoadWarnings does not match the spec. This may create a backup.
[28Jun2024 20:54:16.693] [Render thread/WARN] [net.neoforged.neoforge.common.ModConfigSpec/CORE]: Incorrect key client.useCombinedDepthStencilAttachment was corrected from null to its default, false. 
[28Jun2024 20:54:16.693] [Render thread/DEBUG] [net.neoforged.neoforge.common.ModConfigSpec/CORE]: The comment on key client.useCombinedDepthStencilAttachment does not match the spec. This may create a backup.
[28Jun2024 20:54:16.693] [Render thread/DEBUG] [net.neoforged.neoforge.common.ModConfigSpec/CORE]: The comment on key client does not match the spec. This may create a backup.
[28Jun2024 20:54:16.733] [Render thread/DEBUG] [net.neoforged.neoforge.common.NeoForgeConfig/FORGEMOD]: Loaded NeoForge config file neoforge-client.toml
[28Jun2024 20:54:16.738] [Render thread/DEBUG] [net.neoforged.fml.config.ConfigTracker/CONFIG]: Loading configs type COMMON
[28Jun2024 20:54:16.738] [Render thread/DEBUG] [net.neoforged.fml.config.ConfigFileTypeHandler/CONFIG]: Built TOML config for G:\GitHub\1.21 Mo Glowstone Plus\mo-glowstone-plus-neo\runs\client\config\neoforge-common.toml
[28Jun2024 20:54:16.769] [Render thread/DEBUG] [net.neoforged.fml.config.ConfigFileTypeHandler/CONFIG]: Loaded TOML config file G:\GitHub\1.21 Mo Glowstone Plus\mo-glowstone-plus-neo\runs\client\config\neoforge-common.toml
[28Jun2024 20:54:16.770] [Render thread/DEBUG] [net.neoforged.fml.config.ConfigFileTypeHandler/CONFIG]: Watching TOML config file G:\GitHub\1.21 Mo Glowstone Plus\mo-glowstone-plus-neo\runs\client\config\neoforge-common.toml for changes
[28Jun2024 20:54:16.770] [Render thread/WARN] [net.neoforged.neoforge.common.ModConfigSpec/CORE]: Configuration file G:\GitHub\1.21 Mo Glowstone Plus\mo-glowstone-plus-neo\runs\client\config\neoforge-common.toml is not correct. Correcting
[28Jun2024 20:54:16.771] [Worker-Main-7/INFO] [net.minecraft.client.gui.font.providers.UnihexProvider/]: Found unifont_jp_patch-15.1.05.hex, loading
[28Jun2024 20:54:16.773] [Render thread/WARN] [net.neoforged.neoforge.common.ModConfigSpec/CORE]: Incorrect key general was corrected from null to its default, SimpleCommentedConfig:{}. 
[28Jun2024 20:54:16.773] [Render thread/WARN] [net.neoforged.neoforge.common.ModConfigSpec/CORE]: Incorrect key general.logUntranslatedItemTagWarnings was corrected from null to its default, SILENCED. 
[28Jun2024 20:54:16.773] [Render thread/DEBUG] [net.neoforged.neoforge.common.ModConfigSpec/CORE]: The comment on key general.logUntranslatedItemTagWarnings does not match the spec. This may create a backup.
[28Jun2024 20:54:16.773] [Render thread/WARN] [net.neoforged.neoforge.common.ModConfigSpec/CORE]: Incorrect key general.logLegacyTagWarnings was corrected from null to its default, DEV_SHORT. 
[28Jun2024 20:54:16.773] [Render thread/DEBUG] [net.neoforged.neoforge.common.ModConfigSpec/CORE]: The comment on key general.logLegacyTagWarnings does not match the spec. This may create a backup.
[28Jun2024 20:54:16.773] [Render thread/DEBUG] [net.neoforged.neoforge.common.ModConfigSpec/CORE]: The comment on key general does not match the spec. This may create a backup.
[28Jun2024 20:54:16.781] [Render thread/DEBUG] [net.neoforged.neoforge.common.NeoForgeConfig/FORGEMOD]: Loaded NeoForge config file neoforge-common.toml
[28Jun2024 20:54:17.026] [Worker-Main-11/INFO] [com.themastergeneral.ctdcore.CTDCore/]: CTD Core for is launching for neoforge v21.0.42-beta
[28Jun2024 20:54:17.026] [Worker-Main-11/INFO] [com.themastergeneral.moglowstone.MoGlowstone/]: Mo' Glowstone for Minecraft NeoForge 21.0.42-beta is launching.
[28Jun2024 20:54:17.060] [Render thread/DEBUG] [net.neoforged.fml.DeferredWorkQueue/LOADING]: Dispatching synchronous work for work queue Common setup: 1 jobs
[28Jun2024 20:54:17.064] [Render thread/DEBUG] [net.neoforged.fml.DeferredWorkQueue/LOADING]: Synchronous work queue completed in 1.990 ms
[28Jun2024 20:54:17.154] [Forge Version Check/INFO] [net.neoforged.fml.VersionChecker/]: [ctdcore] Starting version check at https://raw.githubusercontent.com/MasterGeneral156/Version/master/ctd-core-nf.json
[28Jun2024 20:54:17.686] [Forge Version Check/DEBUG] [net.neoforged.fml.VersionChecker/]: [ctdcore] Received version check data:
{
	"homepage": "https://www.curseforge.com/minecraft/mc-mods/ctd-core",
	"1.21":
	{
		"2.6.1b": "Updated the `displayURL` to no longer use the 'legacy' CF domain.",
		"2.6.1": "Removed deprecated functions, added new functions to existing classes, modernized DurabilityItem clas",
		"2.6.0": "Updated to Minecraft v1.21"
	},
	"1.20.4":
	{
		"2.5.2": "Added functions for detecting the current mod loader and version",
		"2.5.1": "Fixed the update URL link",
		"2.5.0": "Ported and released for Neoforge!!"
	},
	"promos": 
	{
		"1.21-latest": "2.6.1b",
		"1.21-recommended": "2.6.1b",
		"1.20.4-latest": "2.5.2",
		"1.20.4-recommended": "2.5.2",
		"1.20.6-latest": "2.5.2",
		"1.20.6-recommended": "2.5.2"
	}
}
[28Jun2024 20:54:17.688] [Forge Version Check/INFO] [net.neoforged.fml.VersionChecker/]: [ctdcore] Found status: UP_TO_DATE Current: 2.6.1b Target: null
[28Jun2024 20:54:17.691] [Forge Version Check/INFO] [net.neoforged.fml.VersionChecker/]: [moglowstone] Starting version check at https://raw.githubusercontent.com/MasterGeneral156/Version/master/mo-glowstone-nf.json
[28Jun2024 20:54:17.848] [Forge Version Check/DEBUG] [net.neoforged.fml.VersionChecker/]: [moglowstone] Received version check data:
{
	"homepage": "https://www.curseforge.com/minecraft/mc-mods/mo-glowstone",
	"1.21":
	{
		"2.6.1": "Start up crash fix",
		"2.6.0": "Updated to Minecraft v1.21"
	},
	"1.20.4":
	{
		"2.5.0": "Now on Neoforge!"
	},
	"promos": 
	{
		"1.21-latest": "2.6.1",
		"1.21-recommended": "2.6.1",
		"1.20.4-latest": "2.5.0",
		"1.20.4-recommended": "2.5.0",
	}
}
[28Jun2024 20:54:17.849] [Forge Version Check/WARN] [net.neoforged.fml.VersionChecker/]: Failed to process update information
com.google.gson.JsonSyntaxException: com.google.gson.stream.MalformedJsonException: Expected name at line 18 column 3 path $..1.20.4-recommended
	at MC-BOOTSTRAP/com.google.gson@2.10.1/com.google.gson.Gson.fromJson(Gson.java:1241) ~[gson-2.10.1.jar%23107!/:?]
	at MC-BOOTSTRAP/com.google.gson@2.10.1/com.google.gson.Gson.fromJson(Gson.java:1137) ~[gson-2.10.1.jar%23107!/:?]
	at MC-BOOTSTRAP/com.google.gson@2.10.1/com.google.gson.Gson.fromJson(Gson.java:1047) ~[gson-2.10.1.jar%23107!/:?]
	at MC-BOOTSTRAP/com.google.gson@2.10.1/com.google.gson.Gson.fromJson(Gson.java:982) ~[gson-2.10.1.jar%23107!/:?]
	at MC-BOOTSTRAP/fml_loader@4.0.6/net.neoforged.fml.VersionChecker$1.process(VersionChecker.java:167) ~[loader-4.0.6.jar%23143!/:4.0]
	at java.base/java.lang.Iterable.forEach(Iterable.java:75) [?:?]
	at MC-BOOTSTRAP/fml_loader@4.0.6/net.neoforged.fml.VersionChecker$1.run(VersionChecker.java:105) [loader-4.0.6.jar%23143!/:4.0]
Caused by: com.google.gson.stream.MalformedJsonException: Expected name at line 18 column 3 path $..1.20.4-recommended
	at MC-BOOTSTRAP/com.google.gson@2.10.1/com.google.gson.stream.JsonReader.syntaxError(JsonReader.java:1659) ~[gson-2.10.1.jar%23107!/:?]
	at MC-BOOTSTRAP/com.google.gson@2.10.1/com.google.gson.stream.JsonReader.doPeek(JsonReader.java:514) ~[gson-2.10.1.jar%23107!/:?]
	at MC-BOOTSTRAP/com.google.gson@2.10.1/com.google.gson.stream.JsonReader.hasNext(JsonReader.java:422) ~[gson-2.10.1.jar%23107!/:?]
	at MC-BOOTSTRAP/com.google.gson@2.10.1/com.google.gson.internal.bind.ObjectTypeAdapter.read(ObjectTypeAdapter.java:122) ~[gson-2.10.1.jar%23107!/:?]
	at MC-BOOTSTRAP/com.google.gson@2.10.1/com.google.gson.internal.bind.TypeAdapterRuntimeTypeWrapper.read(TypeAdapterRuntimeTypeWrapper.java:40) ~[gson-2.10.1.jar%23107!/:?]
	at MC-BOOTSTRAP/com.google.gson@2.10.1/com.google.gson.internal.bind.MapTypeAdapterFactory$Adapter.read(MapTypeAdapterFactory.java:186) ~[gson-2.10.1.jar%23107!/:?]
	at MC-BOOTSTRAP/com.google.gson@2.10.1/com.google.gson.internal.bind.MapTypeAdapterFactory$Adapter.read(MapTypeAdapterFactory.java:144) ~[gson-2.10.1.jar%23107!/:?]
	at MC-BOOTSTRAP/com.google.gson@2.10.1/com.google.gson.Gson.fromJson(Gson.java:1227) ~[gson-2.10.1.jar%23107!/:?]
	... 6 more
[28Jun2024 20:54:17.850] [Forge Version Check/INFO] [net.neoforged.fml.VersionChecker/]: [moglowstoneplus] Starting version check at https://raw.githubusercontent.com/MasterGeneral156/Version/master/mo-glowstone-plus-nf.json
[28Jun2024 20:54:18.035] [Forge Version Check/DEBUG] [net.neoforged.fml.VersionChecker/]: [moglowstoneplus] Received version check data:
{
  "homepage": "https://www.curseforge.com/minecraft/mc-mods/mo-glowstone-plus",
  "1.20.4":
  {
	"1.2.0": "Now on Neoforge!"
  },
  "promos": 
  {
	"1.20.4-latest": "1.2.0",
    "1.20.4-recommended": "1.2.0"
  }
}
[28Jun2024 20:54:18.035] [Forge Version Check/INFO] [net.neoforged.fml.VersionChecker/]: [moglowstoneplus] Found status: BETA Current: 1.3.0 Target: null
[28Jun2024 20:54:18.342] [Render thread/WARN] [net.minecraft.client.sounds.SoundEngine/]: Missing sound for event: minecraft:item.goat_horn.play
[28Jun2024 20:54:18.342] [Render thread/WARN] [net.minecraft.client.sounds.SoundEngine/]: Missing sound for event: minecraft:entity.goat.screaming.horn_break
[28Jun2024 20:54:18.385] [Render thread/INFO] [com.mojang.blaze3d.audio.Library/]: OpenAL initialized on device OpenAL Soft on Speakers (High Definition Audio Device)
[28Jun2024 20:54:18.386] [Render thread/INFO] [net.minecraft.client.sounds.SoundEngine/SOUNDS]: Sound engine started
[28Jun2024 20:54:18.546] [Render thread/INFO] [net.minecraft.client.renderer.texture.TextureAtlas/]: Created: 1024x512x4 minecraft:textures/atlas/blocks.png-atlas
[28Jun2024 20:54:18.559] [Render thread/INFO] [net.minecraft.client.renderer.texture.TextureAtlas/]: Created: 256x256x4 minecraft:textures/atlas/signs.png-atlas
[28Jun2024 20:54:18.559] [Render thread/INFO] [net.minecraft.client.renderer.texture.TextureAtlas/]: Created: 512x512x4 minecraft:textures/atlas/banner_patterns.png-atlas
[28Jun2024 20:54:18.560] [Render thread/INFO] [net.minecraft.client.renderer.texture.TextureAtlas/]: Created: 512x512x4 minecraft:textures/atlas/shield_patterns.png-atlas
[28Jun2024 20:54:18.566] [Render thread/INFO] [net.minecraft.client.renderer.texture.TextureAtlas/]: Created: 1024x1024x4 minecraft:textures/atlas/armor_trims.png-atlas
[28Jun2024 20:54:18.579] [Render thread/INFO] [net.minecraft.client.renderer.texture.TextureAtlas/]: Created: 256x256x4 minecraft:textures/atlas/chest.png-atlas
[28Jun2024 20:54:18.580] [Render thread/INFO] [net.minecraft.client.renderer.texture.TextureAtlas/]: Created: 128x64x4 minecraft:textures/atlas/decorated_pot.png-atlas
[28Jun2024 20:54:18.580] [Render thread/INFO] [net.minecraft.client.renderer.texture.TextureAtlas/]: Created: 512x256x4 minecraft:textures/atlas/beds.png-atlas
[28Jun2024 20:54:18.580] [Render thread/INFO] [net.minecraft.client.renderer.texture.TextureAtlas/]: Created: 512x256x4 minecraft:textures/atlas/shulker_boxes.png-atlas
[28Jun2024 20:54:18.892] [Render thread/INFO] [net.minecraft.client.renderer.texture.TextureAtlas/]: Created: 512x256x0 minecraft:textures/atlas/particles.png-atlas
[28Jun2024 20:54:18.895] [Render thread/INFO] [net.minecraft.client.renderer.texture.TextureAtlas/]: Created: 512x256x0 minecraft:textures/atlas/paintings.png-atlas
[28Jun2024 20:54:18.896] [Render thread/INFO] [net.minecraft.client.renderer.texture.TextureAtlas/]: Created: 256x128x0 minecraft:textures/atlas/mob_effects.png-atlas
[28Jun2024 20:54:18.896] [Render thread/INFO] [net.minecraft.client.renderer.texture.TextureAtlas/]: Created: 64x64x0 minecraft:textures/atlas/map_decorations.png-atlas
[28Jun2024 20:54:18.896] [Render thread/INFO] [net.minecraft.client.renderer.texture.TextureAtlas/]: Created: 1024x512x0 minecraft:textures/atlas/gui.png-atlas
[28Jun2024 20:54:18.938] [Render thread/WARN] [net.minecraft.client.renderer.ShaderInstance/]: Shader rendertype_entity_translucent_emissive could not find sampler named Sampler2 in the specified shader program.
[28Jun2024 20:55:05.125] [Render thread/ERROR] [net.minecraft.world.item.crafting.RecipeManager/]: Parsing error loading recipe moglowstone:glowtsone_brick
com.google.gson.JsonParseException: No key id in MapLike[{"item":"moglowstone:brick_glowstone_block","count":4}]
	at MC-BOOTSTRAP/datafixerupper@8.0.16/com.mojang.serialization.DataResult$Error.getOrThrow(DataResult.java:287) ~[datafixerupper-8.0.16.jar%23118!/:?]
	at TRANSFORMER/minecraft@1.21/net.minecraft.world.item.crafting.RecipeManager.apply(RecipeManager.java:60) ~[neoforge-21.0.42-beta.jar%23190!/:?]
	at TRANSFORMER/minecraft@1.21/net.minecraft.world.item.crafting.RecipeManager.apply(RecipeManager.java:36) ~[neoforge-21.0.42-beta.jar%23190!/:?]
	at TRANSFORMER/minecraft@1.21/net.minecraft.server.packs.resources.SimplePreparableReloadListener.lambda$reload$1(SimplePreparableReloadListener.java:19) ~[neoforge-21.0.42-beta.jar%23190!/:?]
	at java.base/java.util.concurrent.CompletableFuture$UniAccept.tryFire(CompletableFuture.java:718) ~[?:?]
	at java.base/java.util.concurrent.CompletableFuture$Completion.run(CompletableFuture.java:482) ~[?:?]
	at TRANSFORMER/minecraft@1.21/net.minecraft.server.packs.resources.SimpleReloadInstance.lambda$new$3(SimpleReloadInstance.java:86) ~[neoforge-21.0.42-beta.jar%23190!/:?]
	at TRANSFORMER/minecraft@1.21/net.minecraft.util.thread.BlockableEventLoop.doRunTask(BlockableEventLoop.java:148) ~[neoforge-21.0.42-beta.jar%23190!/:?]
	at TRANSFORMER/minecraft@1.21/net.minecraft.util.thread.ReentrantBlockableEventLoop.doRunTask(ReentrantBlockableEventLoop.java:24) ~[neoforge-21.0.42-beta.jar%23190!/:?]
	at TRANSFORMER/minecraft@1.21/net.minecraft.util.thread.BlockableEventLoop.pollTask(BlockableEventLoop.java:122) ~[neoforge-21.0.42-beta.jar%23190!/:?]
	at TRANSFORMER/minecraft@1.21/net.minecraft.util.thread.BlockableEventLoop.managedBlock(BlockableEventLoop.java:132) ~[neoforge-21.0.42-beta.jar%23190!/:?]
	at TRANSFORMER/minecraft@1.21/net.minecraft.client.gui.screens.worldselection.CreateWorldScreen.openFresh(CreateWorldScreen.java:139) ~[neoforge-21.0.42-beta.jar%23190!/:?]
	at TRANSFORMER/minecraft@1.21/net.minecraft.client.gui.screens.worldselection.WorldSelectionList.loadLevels(WorldSelectionList.java:192) ~[neoforge-21.0.42-beta.jar%23190!/:?]
	at TRANSFORMER/minecraft@1.21/net.minecraft.client.gui.screens.worldselection.WorldSelectionList.<init>(WorldSelectionList.java:111) ~[neoforge-21.0.42-beta.jar%23190!/:?]
	at TRANSFORMER/minecraft@1.21/net.minecraft.client.gui.screens.worldselection.SelectWorldScreen.init(SelectWorldScreen.java:40) ~[neoforge-21.0.42-beta.jar%23190!/:?]
	at TRANSFORMER/minecraft@1.21/net.minecraft.client.gui.screens.Screen.init(Screen.java:317) ~[neoforge-21.0.42-beta.jar%23190!/:?]
	at TRANSFORMER/minecraft@1.21/net.minecraft.client.Minecraft.setScreen(Minecraft.java:1060) ~[neoforge-21.0.42-beta.jar%23190!/:?]
	at TRANSFORMER/minecraft@1.21/net.minecraft.client.gui.screens.TitleScreen.lambda$createNormalMenuOptions$7(TitleScreen.java:161) ~[neoforge-21.0.42-beta.jar%23190!/:?]
	at TRANSFORMER/minecraft@1.21/net.minecraft.client.gui.components.Button.onPress(Button.java:41) ~[neoforge-21.0.42-beta.jar%23190!/:?]
	at TRANSFORMER/minecraft@1.21/net.minecraft.client.gui.components.AbstractButton.onClick(AbstractButton.java:47) ~[neoforge-21.0.42-beta.jar%23190!/:?]
	at TRANSFORMER/neoforge@21.0.42-beta/net.neoforged.neoforge.client.extensions.IAbstractWidgetExtension.onClick(IAbstractWidgetExtension.java:36) ~[neoforge-21.0.42-beta.jar%23191!/:?]
	at TRANSFORMER/minecraft@1.21/net.minecraft.client.gui.components.AbstractWidget.mouseClicked(AbstractWidget.java:144) ~[neoforge-21.0.42-beta.jar%23190!/:?]
	at TRANSFORMER/minecraft@1.21/net.minecraft.client.gui.components.events.ContainerEventHandler.mouseClicked(ContainerEventHandler.java:40) ~[neoforge-21.0.42-beta.jar%23190!/:?]
	at TRANSFORMER/minecraft@1.21/net.minecraft.client.gui.screens.TitleScreen.mouseClicked(TitleScreen.java:340) ~[neoforge-21.0.42-beta.jar%23190!/:?]
	at TRANSFORMER/minecraft@1.21/net.minecraft.client.MouseHandler.lambda$onPress$0(MouseHandler.java:98) ~[neoforge-21.0.42-beta.jar%23190!/:?]
	at TRANSFORMER/minecraft@1.21/net.minecraft.client.gui.screens.Screen.wrapScreenError(Screen.java:449) ~[neoforge-21.0.42-beta.jar%23190!/:?]
	at TRANSFORMER/minecraft@1.21/net.minecraft.client.MouseHandler.onPress(MouseHandler.java:95) ~[neoforge-21.0.42-beta.jar%23190!/:?]
	at TRANSFORMER/minecraft@1.21/net.minecraft.client.MouseHandler.lambda$setup$4(MouseHandler.java:202) ~[neoforge-21.0.42-beta.jar%23190!/:?]
	at TRANSFORMER/minecraft@1.21/net.minecraft.util.thread.BlockableEventLoop.execute(BlockableEventLoop.java:98) ~[neoforge-21.0.42-beta.jar%23190!/:?]
	at TRANSFORMER/minecraft@1.21/net.minecraft.client.MouseHandler.lambda$setup$5(MouseHandler.java:202) ~[neoforge-21.0.42-beta.jar%23190!/:?]
	at MC-BOOTSTRAP/org.lwjgl.glfw@3.3.3+5/org.lwjgl.glfw.GLFWMouseButtonCallbackI.callback(GLFWMouseButtonCallbackI.java:43) ~[lwjgl-glfw-3.3.3.jar%23171!/:build 5]
	at MC-BOOTSTRAP/org.lwjgl@3.3.3+5/org.lwjgl.system.JNI.invokeV(Native Method) ~[lwjgl-3.3.3.jar%23182!/:build 5]
	at MC-BOOTSTRAP/org.lwjgl.glfw@3.3.3+5/org.lwjgl.glfw.GLFW.glfwWaitEventsTimeout(GLFW.java:3509) ~[lwjgl-glfw-3.3.3.jar%23171!/:build 5]
	at TRANSFORMER/minecraft@1.21/com.mojang.blaze3d.systems.RenderSystem.limitDisplayFPS(RenderSystem.java:162) ~[neoforge-21.0.42-beta.jar%23190!/:?]
	at TRANSFORMER/minecraft@1.21/net.minecraft.client.Minecraft.runTick(Minecraft.java:1223) ~[neoforge-21.0.42-beta.jar%23190!/:?]
	at TRANSFORMER/minecraft@1.21/net.minecraft.client.Minecraft.run(Minecraft.java:810) ~[neoforge-21.0.42-beta.jar%23190!/:?]
	at TRANSFORMER/minecraft@1.21/net.minecraft.client.main.Main.main(Main.java:230) ~[neoforge-21.0.42-beta.jar%23190!/:?]
	at java.base/jdk.internal.reflect.DirectMethodHandleAccessor.invoke(DirectMethodHandleAccessor.java:103) ~[?:?]
	at java.base/java.lang.reflect.Method.invoke(Method.java:580) ~[?:?]
	at MC-BOOTSTRAP/fml_loader@4.0.6/net.neoforged.fml.loading.targets.CommonLaunchHandler.runTarget(CommonLaunchHandler.java:136) ~[loader-4.0.6.jar%23143!/:4.0]
	at MC-BOOTSTRAP/fml_loader@4.0.6/net.neoforged.fml.loading.targets.CommonLaunchHandler.clientService(CommonLaunchHandler.java:124) ~[loader-4.0.6.jar%23143!/:4.0]
	at MC-BOOTSTRAP/fml_loader@4.0.6/net.neoforged.fml.loading.targets.NeoForgeClientUserdevLaunchHandler.runService(NeoForgeClientUserdevLaunchHandler.java:23) ~[loader-4.0.6.jar%23143!/:4.0]
	at MC-BOOTSTRAP/fml_loader@4.0.6/net.neoforged.fml.loading.targets.CommonLaunchHandler.lambda$launchService$4(CommonLaunchHandler.java:118) ~[loader-4.0.6.jar%23143!/:4.0]
	at MC-BOOTSTRAP/cpw.mods.modlauncher@11.0.3/cpw.mods.modlauncher.LaunchServiceHandlerDecorator.launch(LaunchServiceHandlerDecorator.java:30) [modlauncher-11.0.3.jar%23125!/:?]
	at MC-BOOTSTRAP/cpw.mods.modlauncher@11.0.3/cpw.mods.modlauncher.LaunchServiceHandler.launch(LaunchServiceHandler.java:53) [modlauncher-11.0.3.jar%23125!/:?]
	at MC-BOOTSTRAP/cpw.mods.modlauncher@11.0.3/cpw.mods.modlauncher.LaunchServiceHandler.launch(LaunchServiceHandler.java:71) [modlauncher-11.0.3.jar%23125!/:?]
	at MC-BOOTSTRAP/cpw.mods.modlauncher@11.0.3/cpw.mods.modlauncher.Launcher.run(Launcher.java:103) [modlauncher-11.0.3.jar%23125!/:?]
	at MC-BOOTSTRAP/cpw.mods.modlauncher@11.0.3/cpw.mods.modlauncher.Launcher.main(Launcher.java:74) [modlauncher-11.0.3.jar%23125!/:?]
	at MC-BOOTSTRAP/cpw.mods.modlauncher@11.0.3/cpw.mods.modlauncher.BootstrapLaunchConsumer.accept(BootstrapLaunchConsumer.java:26) [modlauncher-11.0.3.jar%23125!/:?]
	at MC-BOOTSTRAP/cpw.mods.modlauncher@11.0.3/cpw.mods.modlauncher.BootstrapLaunchConsumer.accept(BootstrapLaunchConsumer.java:23) [modlauncher-11.0.3.jar%23125!/:?]
	at cpw.mods.bootstraplauncher@2.0.2/cpw.mods.bootstraplauncher.BootstrapLauncher.run(BootstrapLauncher.java:210) [bootstraplauncher-2.0.2.jar:?]
	at cpw.mods.bootstraplauncher@2.0.2/cpw.mods.bootstraplauncher.BootstrapLauncher.main(BootstrapLauncher.java:69) [bootstraplauncher-2.0.2.jar:?]
[28Jun2024 20:55:05.149] [Render thread/INFO] [net.minecraft.world.item.crafting.RecipeManager/]: Loaded 1321 recipes
[28Jun2024 20:55:05.300] [Render thread/INFO] [net.minecraft.advancements.AdvancementTree/]: Loaded 1399 advancements
[28Jun2024 20:55:11.287] [Render thread/DEBUG] [net.neoforged.neoforge.common.CommonHooks/WP]: Gathered mod list to write to world save New World
[28Jun2024 20:55:11.325] [Server thread/INFO] [net.minecraft.client.server.IntegratedServer/]: Starting integrated minecraft server version 1.21
[28Jun2024 20:55:11.325] [Server thread/INFO] [net.minecraft.server.MinecraftServer/]: Generating keypair
[28Jun2024 20:55:11.416] [Server thread/DEBUG] [net.neoforged.fml.config.ConfigTracker/CONFIG]: Loading configs type SERVER
[28Jun2024 20:55:11.417] [Server thread/DEBUG] [net.neoforged.fml.config.ConfigFileTypeHandler/CONFIG]: Built TOML config for G:\GitHub\1.21 Mo Glowstone Plus\mo-glowstone-plus-neo\runs\client\config\neoforge-server.toml
[28Jun2024 20:55:11.419] [Server thread/DEBUG] [net.neoforged.fml.config.ConfigFileTypeHandler/CONFIG]: Loaded TOML config file G:\GitHub\1.21 Mo Glowstone Plus\mo-glowstone-plus-neo\runs\client\config\neoforge-server.toml
[28Jun2024 20:55:11.420] [Server thread/DEBUG] [net.neoforged.fml.config.ConfigFileTypeHandler/CONFIG]: Watching TOML config file G:\GitHub\1.21 Mo Glowstone Plus\mo-glowstone-plus-neo\runs\client\config\neoforge-server.toml for changes
[28Jun2024 20:55:11.420] [Server thread/WARN] [net.neoforged.neoforge.common.ModConfigSpec/CORE]: Configuration file G:\GitHub\1.21 Mo Glowstone Plus\mo-glowstone-plus-neo\runs\client\config\neoforge-server.toml is not correct. Correcting
[28Jun2024 20:55:11.423] [Server thread/WARN] [net.neoforged.neoforge.common.ModConfigSpec/CORE]: Incorrect key server was corrected from null to its default, SimpleCommentedConfig:{}. 
[28Jun2024 20:55:11.423] [Server thread/WARN] [net.neoforged.neoforge.common.ModConfigSpec/CORE]: Incorrect key server.removeErroringBlockEntities was corrected from null to its default, false. 
[28Jun2024 20:55:11.423] [Server thread/DEBUG] [net.neoforged.neoforge.common.ModConfigSpec/CORE]: The comment on key server.removeErroringBlockEntities does not match the spec. This may create a backup.
[28Jun2024 20:55:11.423] [Server thread/WARN] [net.neoforged.neoforge.common.ModConfigSpec/CORE]: Incorrect key server.removeErroringEntities was corrected from null to its default, false. 
[28Jun2024 20:55:11.423] [Server thread/DEBUG] [net.neoforged.neoforge.common.ModConfigSpec/CORE]: The comment on key server.removeErroringEntities does not match the spec. This may create a backup.
[28Jun2024 20:55:11.423] [Server thread/WARN] [net.neoforged.neoforge.common.ModConfigSpec/CORE]: Incorrect key server.fullBoundingBoxLadders was corrected from null to its default, false. 
[28Jun2024 20:55:11.423] [Server thread/DEBUG] [net.neoforged.neoforge.common.ModConfigSpec/CORE]: The comment on key server.fullBoundingBoxLadders does not match the spec. This may create a backup.
[28Jun2024 20:55:11.423] [Server thread/WARN] [net.neoforged.neoforge.common.ModConfigSpec/CORE]: Incorrect key server.permissionHandler was corrected from null to its default, neoforge:default_handler. 
[28Jun2024 20:55:11.423] [Server thread/DEBUG] [net.neoforged.neoforge.common.ModConfigSpec/CORE]: The comment on key server.permissionHandler does not match the spec. This may create a backup.
[28Jun2024 20:55:11.423] [Server thread/WARN] [net.neoforged.neoforge.common.ModConfigSpec/CORE]: Incorrect key server.advertiseDedicatedServerToLan was corrected from null to its default, true. 
[28Jun2024 20:55:11.423] [Server thread/DEBUG] [net.neoforged.neoforge.common.ModConfigSpec/CORE]: The comment on key server.advertiseDedicatedServerToLan does not match the spec. This may create a backup.
[28Jun2024 20:55:11.423] [Server thread/DEBUG] [net.neoforged.neoforge.common.ModConfigSpec/CORE]: The comment on key server does not match the spec. This may create a backup.
[28Jun2024 20:55:11.428] [Thread-4/DEBUG] [net.neoforged.fml.config.ConfigFileTypeHandler/CONFIG]: Config file neoforge-server.toml changed, sending notifies
[28Jun2024 20:55:11.428] [Thread-4/DEBUG] [net.neoforged.neoforge.common.NeoForgeConfig/FORGEMOD]: NeoForge config just got changed on the file system!
[28Jun2024 20:55:11.428] [Thread-4/DEBUG] [net.neoforged.fml.config.ConfigFileTypeHandler/CONFIG]: Config file neoforge-server.toml changed, sending notifies
[28Jun2024 20:55:11.429] [Thread-4/DEBUG] [net.neoforged.neoforge.common.NeoForgeConfig/FORGEMOD]: NeoForge config just got changed on the file system!
[28Jun2024 20:55:11.431] [Server thread/DEBUG] [net.neoforged.neoforge.common.NeoForgeConfig/FORGEMOD]: Loaded NeoForge config file neoforge-server.toml
[28Jun2024 20:55:11.457] [Server thread/DEBUG] [net.neoforged.coremod.transformer.CoreModBaseTransformer/COREMOD]: Transforming net/minecraft/world/level/levelgen/PhantomSpawner
[28Jun2024 20:55:11.461] [Server thread/DEBUG] [net.neoforged.coremod.transformer.CoreModBaseTransformer/COREMOD]: Transforming net/minecraft/world/level/levelgen/PatrolSpawner
[28Jun2024 20:55:11.464] [Server thread/DEBUG] [net.neoforged.coremod.transformer.CoreModBaseTransformer/COREMOD]: Transforming net/minecraft/world/entity/npc/CatSpawner
[28Jun2024 20:55:11.466] [Server thread/DEBUG] [net.neoforged.coremod.transformer.CoreModBaseTransformer/COREMOD]: Transforming net/minecraft/world/entity/ai/village/VillageSiege
[28Jun2024 20:55:11.851] [Server thread/INFO] [net.minecraft.server.MinecraftServer/]: Preparing start region for dimension minecraft:overworld
[28Jun2024 20:55:11.882] [progressListener/INFO] [net.minecraft.server.level.progress.LoggerChunkProgressListener/]: Preparing spawn area: 2%
[28Jun2024 20:55:11.975] [worldgen/DEBUG] [net.neoforged.coremod.transformer.CoreModBaseTransformer/COREMOD]: Transforming net/minecraft/world/level/levelgen/structure/templatesystem/StructureTemplate
[28Jun2024 20:55:12.316] [Server thread/INFO] [net.neoforged.neoforge.server.permission.PermissionAPI/]: Successfully initialized permission handler neoforge:default_handler
[28Jun2024 20:55:12.324] [progressListener/INFO] [net.minecraft.server.level.progress.LoggerChunkProgressListener/]: Time elapsed: 461 ms
[28Jun2024 20:55:12.339] [Server thread/DEBUG] [net.neoforged.coremod.transformer.CoreModBaseTransformer/COREMOD]: Transforming net/minecraft/world/level/NaturalSpawner
[28Jun2024 20:55:12.357] [Server thread/INFO] [net.minecraft.client.server.IntegratedServer/]: Changing view distance to 12, from 10
[28Jun2024 20:55:12.358] [Server thread/INFO] [net.minecraft.client.server.IntegratedServer/]: Changing simulation distance to 12, from 0
[28Jun2024 20:55:12.391] [Render thread/DEBUG] [io.netty.channel.MultithreadEventLoopGroup/]: -Dio.netty.eventLoopThreads: 32
[28Jun2024 20:55:12.427] [Render thread/DEBUG] [io.netty.util.concurrent.GlobalEventExecutor/]: -Dio.netty.globalEventExecutor.quietPeriodSeconds: 1
[28Jun2024 20:55:12.442] [Render thread/DEBUG] [io.netty.channel.nio.NioEventLoop/]: -Dio.netty.noKeySetOptimization: false
[28Jun2024 20:55:12.443] [Render thread/DEBUG] [io.netty.channel.nio.NioEventLoop/]: -Dio.netty.selectorAutoRebuildThreshold: 512
[28Jun2024 20:55:12.447] [Render thread/DEBUG] [io.netty.util.internal.PlatformDependent/]: org.jctools-core.MpscChunkedArrayQueue: available
[28Jun2024 20:55:12.487] [Render thread/DEBUG] [io.netty.channel.DefaultChannelId/]: -Dio.netty.processId: 26956 (auto-detected)
[28Jun2024 20:55:12.488] [Render thread/DEBUG] [io.netty.util.NetUtil/]: -Djava.net.preferIPv4Stack: false
[28Jun2024 20:55:12.488] [Render thread/DEBUG] [io.netty.util.NetUtil/]: -Djava.net.preferIPv6Addresses: system
[28Jun2024 20:55:12.490] [Render thread/DEBUG] [io.netty.util.NetUtilInitializations/]: Loopback interface: loopback_0 (Software Loopback Interface 1, 0:0:0:0:0:0:0:1)
[28Jun2024 20:55:12.493] [Render thread/DEBUG] [io.netty.util.NetUtil/]: Failed to get SOMAXCONN from sysctl and file \proc\sys\net\core\somaxconn. Default: 200
[28Jun2024 20:55:12.494] [Render thread/DEBUG] [io.netty.channel.DefaultChannelId/]: -Dio.netty.machineId: 00:1b:22:ff:fe:81:29:c5 (auto-detected)
[28Jun2024 20:55:12.541] [Render thread/DEBUG] [io.netty.util.Recycler/]: -Dio.netty.recycler.maxCapacityPerThread: 4096
[28Jun2024 20:55:12.541] [Render thread/DEBUG] [io.netty.util.Recycler/]: -Dio.netty.recycler.ratio: 8
[28Jun2024 20:55:12.541] [Render thread/DEBUG] [io.netty.util.Recycler/]: -Dio.netty.recycler.chunkSize: 32
[28Jun2024 20:55:12.541] [Render thread/DEBUG] [io.netty.util.Recycler/]: -Dio.netty.recycler.blocking: false
[28Jun2024 20:55:12.541] [Render thread/DEBUG] [io.netty.util.Recycler/]: -Dio.netty.recycler.batchFastThreadLocalOnly: true
[28Jun2024 20:55:12.628] [Netty Server IO #1/DEBUG] [net.neoforged.neoforge.network.filters.NetworkFilters/]: Injected net.neoforged.neoforge.network.filters.GenericPacketSplitter@e159da6 into net.minecraft.network.Connection@2010d2e9
[28Jun2024 20:55:12.632] [Netty Local Client IO #0/DEBUG] [net.neoforged.neoforge.network.filters.NetworkFilters/]: Injected net.neoforged.neoforge.network.filters.GenericPacketSplitter@485faf6b into net.minecraft.network.Connection@27d55907
[28Jun2024 20:55:12.956] [Netty Server IO #1/DEBUG] [net.neoforged.neoforge.network.filters.NetworkFilters/]: Injected net.neoforged.neoforge.network.filters.GenericPacketSplitter@511dc71a into net.minecraft.network.Connection@2010d2e9
[28Jun2024 20:55:13.012] [Server thread/INFO] [net.minecraft.server.players.PlayerList/]: Dev[local:E:ca53de36] logged in with entity id 1 at (10.5, -60.0, 9.5)
[28Jun2024 20:55:13.064] [Server thread/INFO] [net.minecraft.server.MinecraftServer/]: Dev joined the game
[28Jun2024 20:55:13.240] [Render thread/INFO] [net.minecraft.advancements.AdvancementTree/]: Loaded 2 advancements
[28Jun2024 20:55:17.460] [Render thread/DEBUG] [net.neoforged.coremod.transformer.CoreModBaseTransformer/COREMOD]: Transforming net/minecraft/world/entity/raid/Raid
[28Jun2024 20:55:56.884] [Render thread/INFO] [net.minecraft.advancements.AdvancementTree/]: Loaded 5 advancements
[28Jun2024 20:56:03.369] [Server thread/INFO] [net.minecraft.client.server.IntegratedServer/]: Saving and pausing game...
[28Jun2024 20:56:03.402] [Server thread/INFO] [net.minecraft.server.MinecraftServer/]: Saving chunks for level 'ServerLevel[New World]'/minecraft:overworld
[28Jun2024 20:56:03.414] [Server thread/INFO] [net.minecraft.server.MinecraftServer/]: Saving chunks for level 'ServerLevel[New World]'/minecraft:the_end
[28Jun2024 20:56:03.420] [Server thread/INFO] [net.minecraft.server.MinecraftServer/]: Saving chunks for level 'ServerLevel[New World]'/minecraft:the_nether
[28Jun2024 20:56:03.428] [Server thread/DEBUG] [net.neoforged.neoforge.common.CommonHooks/WP]: Gathered mod list to write to world save New World
[28Jun2024 20:56:03.723] [Server thread/INFO] [net.minecraft.server.network.ServerGamePacketListenerImpl/]: Dev lost connection: Disconnected
[28Jun2024 20:56:03.723] [Server thread/INFO] [net.minecraft.server.MinecraftServer/]: Dev left the game
[28Jun2024 20:56:03.741] [Server thread/INFO] [net.minecraft.server.network.ServerCommonPacketListenerImpl/]: Stopping singleplayer server as player logged out
[28Jun2024 20:56:03.769] [Server thread/INFO] [net.minecraft.server.MinecraftServer/]: Stopping server
[28Jun2024 20:56:03.769] [Server thread/INFO] [net.minecraft.server.MinecraftServer/]: Saving players
[28Jun2024 20:56:03.769] [Server thread/INFO] [net.minecraft.server.MinecraftServer/]: Saving worlds
[28Jun2024 20:56:05.272] [Server thread/INFO] [net.minecraft.server.MinecraftServer/]: Saving chunks for level 'ServerLevel[New World]'/minecraft:overworld
[28Jun2024 20:56:05.308] [Server thread/INFO] [net.minecraft.server.MinecraftServer/]: Saving chunks for level 'ServerLevel[New World]'/minecraft:the_end
[28Jun2024 20:56:05.312] [Server thread/INFO] [net.minecraft.server.MinecraftServer/]: Saving chunks for level 'ServerLevel[New World]'/minecraft:the_nether
[28Jun2024 20:56:05.317] [Server thread/DEBUG] [net.neoforged.neoforge.common.CommonHooks/WP]: Gathered mod list to write to world save New World
[28Jun2024 20:56:05.328] [Server thread/INFO] [net.minecraft.server.MinecraftServer/]: ThreadedAnvilChunkStorage (New World): All chunks are saved
[28Jun2024 20:56:05.328] [Server thread/INFO] [net.minecraft.server.MinecraftServer/]: ThreadedAnvilChunkStorage (DIM1): All chunks are saved
[28Jun2024 20:56:05.328] [Server thread/INFO] [net.minecraft.server.MinecraftServer/]: ThreadedAnvilChunkStorage (DIM-1): All chunks are saved
[28Jun2024 20:56:05.328] [Server thread/INFO] [net.minecraft.server.MinecraftServer/]: ThreadedAnvilChunkStorage: All dimensions are saved
[28Jun2024 20:56:05.408] [Server thread/DEBUG] [net.neoforged.fml.config.ConfigTracker/CONFIG]: Unloading configs type SERVER
[28Jun2024 20:56:06.083] [Render thread/INFO] [net.minecraft.client.Minecraft/]: Stopping!
